A1,,,,,,,,,,,
time,accx,accy,accz,gyrox,gyroy,gyroz,w1,w2,w3,w4,
2025-03-09 20:41:03.094,9.5700,0.3600,-1.2400,2.1875,31.6875,3.6875,85.8750,179.3750,0.0000,218.7500,
2025-03-09 20:41:03.102,9.6700,0.2400,-1.1400,4.3125,33.3750,1.8750,86.1875,179.3125,0.0000,218.6875,
2025-03-09 20:41:03.113,9.5200,0.4500,-0.8000,5.1875,35.3750,-0.7500,86.5625,179.3125,0.0000,218.6250,
2025-03-09 20:41:03.123,9.4700,0.5500,-1.0900,6.6250,35.1250,-2.0000,86.8750,179.3750,0.0000,218.6250,
2025-03-09 20:41:03.133,9.5000,0.6800,-0.7400,4.3125,34.8125,-2.0000,86.8750,179.3750,0.0000,218.6250,
2025-03-09 20:41:03.143,9.6100,0.4000,-1.0100,3.1875,33.6250,-0.8125,87.5625,179.3750,0.0000,218.5625,
2025-03-09 20:41:03.161,9.6100,0.1900,-1.0800,6.8125,38.0000,-2.6250,87.8750,179.3750,0.0000,218.5000,
2025-03-09 20:41:03.164,9.5300,0.4300,-0.7000,14.1250,43.9375,-5.9375,88.3125,179.4375,0.0000,218.4375,
2025-03-09 20:41:03.172,9.4100,0.7100,-0.5900,18.9375,46.8750,-7.3125,88.3125,179.4375,0.0000,218.4375,
2025-03-09 20:41:03.181,9.4300,0.7500,0.1100,13.6875,43.9375,-5.2500,88.7500,179.5625,0.0000,218.4375,
2025-03-09 20:41:03.193,9.4800,0.4800,-0.3900,5.3125,36.1875,-1.7500,89.1250,179.6250,0.0000,218.6250,
2025-03-09 20:41:03.205,9.5600,0.4200,-0.3200,0.0000,31.0625,-1.5000,89.4375,179.6250,0.0000,218.6250,
2025-03-09 20:41:03.212,9.5600,0.5700,-0.3000,-0.4375,29.0625,-2.6875,89.6250,179.6875,0.0000,218.6250,
2025-03-09 20:41:03.223,9.5000,0.7100,-0.1300,3.9375,28.0625,-2.1875,89.6250,0.2500,0.0000,218.6250,
2025-03-09 20:41:03.233,9.4900,0.7800,0.1800,3.8125,24.8750,-0.3750,89.4375,0.2500,0.0000,218.6250,
2025-03-09 20:41:03.243,9.4200,0.9100,0.1500,-1.1250,17.5625,2.5000,89.2500,0.2500,0.0000,218.6875,
2025-03-09 20:41:03.256,9.4400,0.7900,0.0000,-1.2500,11.3125,6.3125,89.0625,0.2500,0.0000,218.6875,
2025-03-09 20:41:03.263,9.5300,0.5400,0.0700,-1.3750,6.5625,10.0000,88.9375,0.3125,0.0000,218.6250,
2025-03-09 20:41:03.274,9.4500,0.5100,-0.1000,-0.1875,2.9375,11.3125,88.8125,0.3750,0.0000,218.5625,
2025-03-09 20:41:03.290,9.4500,0.5100,-0.1000,-0.6875,0.1875,11.1250,88.7500,0.5000,0.0000,218.4375,
2025-03-09 20:41:03.296,9.6500,0.2600,-0.5700,-1.2500,-0.6875,8.3125,88.6875,0.6250,0.0000,218.3750,
2025-03-09 20:41:03.309,9.6000,0.3300,-0.1100,-1.6250,0.0625,5.4375,88.6875,0.6875,0.0000,218.2500,
2025-03-09 20:41:03.315,9.4600,0.6400,0.1400,-2.6250,0.3125,3.3750,88.6250,0.7500,0.0000,218.2500,
2025-03-09 20:41:03.329,9.5600,0.3600,-0.3300,-1.7500,-2.3750,4.6875,88.6250,0.8125,0.0000,218.2500,
2025-03-09 20:41:03.339,9.5100,0.5100,-0.2900,1.0000,-0.0625,3.9375,88.6875,0.8125,0.0000,218.4375,
2025-03-09 20:41:03.349,9.6100,0.4400,-0.4400,1.0000,0.1875,4.5625,88.7500,0.7500,0.0000,218.5000,
2025-03-09 20:41:03.359,9.5100,0.2000,-0.3900,-0.6875,0.8750,4.3750,88.7500,0.8125,0.0000,218.4375,
2025-03-09 20:41:03.379,9.6300,0.2500,-0.4100,-3.0625,2.1250,-0.0625,88.6875,0.8750,0.0000,218.3750,
2025-03-09 20:41:03.389,9.5200,0.5100,-0.1700,-2.4375,-0.1875,2.0625,88.7500,0.7500,0.0000,218.6875,
2025-03-09 20:41:03.409,9.5700,0.3700,-0.3900,-1.4375,-0.8750,3.6250,88.9375,0.6250,0.0000,218.8750,
2025-03-09 20:41:03.429,9.6100,0.2900,-0.4300,0.8125,-0.0625,3.7500,89.0625,0.5625,0.0000,218.9375,
2025-03-09 20:41:03.439,9.5900,0.1400,-0.3100,-9.8750,2.3750,0.0000,89.1250,0.5000,0.0000,219.1250,
2025-03-09 20:41:03.459,9.5500,0.1800,-0.1400,-20.6875,1.5625,-0.2500,89.1250,0.5000,0.0000,219.5000,
2025-03-09 20:41:03.479,9.6400,-0.0200,-0.5500,-14.2500,2.1875,-1.2500,89.1250,0.4375,0.0000,219.8750,
2025-03-09 20:41:03.492,9.4500,0.7300,0.0900,-35.9375,0.2500,-8.7500,89.1875,0.3750,0.0000,220.5625,
2025-03-09 20:41:03.510,9.4800,0.7000,-0.0300,-37.7500,-3.7500,-7.0000,89.3750,0.1250,0.0000,221.3750,
2025-03-09 20:41:03.530,9.5200,0.5100,-0.2200,-29.9375,-4.3125,-3.1875,89.4375,0.0000,0.0000,222.1250,
2025-03-09 20:41:03.543,9.5600,0.4000,-0.7300,-2.4375,-2.8750,0.5625,89.5000,0.0000,0.0000,222.6250,
2025-03-09 20:41:03.560,9.5100,0.5600,-0.0700,0.9375,-0.0625,-0.1875,89.5625,0.0000,0.0000,222.6875,
2025-03-09 20:41:03.580,9.5500,0.3400,-0.2200,0.4375,-2.1875,0.5000,89.6250,-0.0625,0.0000,222.7500,
2025-03-09 20:41:03.591,9.5400,0.5500,-0.2300,-1.1250,-2.8750,-1.6250,89.6875,-0.1250,0.0000,222.8125,
2025-03-09 20:41:03.611,9.5200,0.5100,-0.3100,-0.8750,-1.9375,-0.5000,89.6875,-0.2500,0.0000,222.9375,
2025-03-09 20:41:03.631,9.5600,0.4400,-0.3100,-0.2500,-0.5625,-0.1250,89.6250,-0.3125,0.0000,223.0625,
2025-03-09 20:41:03.641,9.5500,0.4300,-0.3000,-2.5625,0.3750,0.0000,89.5625,-0.3750,0.0000,223.3125,
2025-03-09 20:41:03.661,9.5600,0.3400,-0.2900,-8.2500,-0.8750,-1.2500,89.5000,-179.5000,0.0000,223.4375,
2025-03-09 20:41:03.681,9.5100,0.6000,-0.1200,-8.1875,-1.6250,-1.6875,89.4375,-179.4375,0.0000,223.7500,
2025-03-09 20:41:03.691,9.5500,0.4600,-0.2800,-4.5625,-4.0625,1.5625,89.3750,-179.3750,0.0000,224.1250,
2025-03-09 20:41:03.711,9.5100,0.5700,-0.2600,-2.9375,-4.6875,3.9375,89.3125,-179.3750,0.0000,224.2500,
2025-03-09 20:41:03.731,9.5500,0.4200,-0.2900,-2.8125,-5.0625,4.6250,89.2500,-179.3750,0.0000,224.3125,
2025-03-09 20:41:03.741,9.5600,0.3300,-0.3800,-2.7500,-4.9375,3.3125,89.2500,-179.3750,0.0000,224.4375,
2025-03-09 20:41:03.761,9.5600,0.2900,-0.4100,-5.1250,-3.5625,-0.1250,89.1250,-179.3750,0.0000,224.5000,
2025-03-09 20:41:03.781,9.5500,0.4300,-0.4000,-3.1250,-2.5625,-1.5000,89.0625,-179.3750,0.0000,224.6250,
2025-03-09 20:41:03.791,9.5400,0.5400,-0.3200,-0.8750,-1.5000,-0.3125,89.0000,-179.3125,0.0000,224.8125,
2025-03-09 20:41:03.811,9.5600,0.3700,-0.4800,-0.5000,-1.2500,0.6875,88.9375,-179.2500,0.0000,224.8750,
2025-03-09 20:41:03.831,9.5600,0.3500,-0.3500,-2.0625,0.1875,0.4375,88.8750,-179.2500,0.0000,224.9375,
2025-03-09 20:41:03.841,9.5700,0.3100,-0.3500,-1.0000,0.5000,-0.4375,88.8125,-179.1875,0.0000,225.0000,
2025-03-09 20:41:03.862,9.5200,0.3900,-0.3300,-0.3125,0.1250,-1.1875,88.8125,-179.1875,0.0000,225.0625,
2025-03-09 20:41:03.872,9.5100,0.4500,-0.2600,-2.3125,-2.0625,-1.3750,88.6875,-179.1250,0.0000,225.1875,
2025-03-09 20:41:03.892,9.5500,0.4100,-0.3500,-3.3750,-3.1250,-1.0625,88.6875,-179.0625,0.0000,225.2500,
2025-03-09 20:41:03.912,9.5500,0.4600,-0.4300,-4.0000,-3.7500,-0.3750,88.5625,-179.0000,0.0000,225.3750,
2025-03-09 20:41:03.932,9.5400,0.4700,-0.3900,-6.8750,-4.0000,0.6875,88.4375,-179.0000,0.0000,225.5625,
2025-03-09 20:41:03.942,9.5600,0.3800,-0.4100,-5.0000,-4.0625,1.6875,88.4375,-179.0000,0.0000,225.8750,
2025-03-09 20:41:03.962,9.5400,0.3900,-0.4300,-0.3750,-2.8125,0.9375,88.3750,-179.0000,0.0000,225.8750,
2025-03-09 20:41:03.972,9.5500,0.4500,-0.4300,-0.2500,-2.7500,0.5000,88.2500,-178.9375,0.0000,225.8750,
2025-03-09 20:41:03.992,9.5600,0.4900,-0.4300,-0.8750,-3.1250,1.0625,88.2500,-178.9375,0.0000,226.0000,
2025-03-09 20:41:04.012,9.5500,0.4700,-0.3900,-4.3125,-2.4375,0.2500,88.1250,-178.9375,0.0000,226.1250,
2025-03-09 20:41:04.032,9.5500,0.3300,-0.4600,-3.3750,-2.3125,1.5000,88.1250,-178.9375,0.0000,226.1875,
2025-03-09 20:41:04.042,9.5600,0.3600,-0.4700,-4.5000,-2.3125,0.9375,88.0625,-178.9375,0.0000,226.2500,
2025-03-09 20:41:04.062,9.5400,0.4100,-0.4900,-5.5000,-1.3750,-0.8750,88.0000,-178.8750,0.0000,226.3750,
2025-03-09 20:41:04.072,9.5500,0.5000,-0.4800,-4.1875,-0.4375,-1.1875,87.9375,-178.8125,0.0000,226.5000,
2025-03-09 20:41:04.093,9.5600,0.4600,-0.4600,-2.6250,0.5000,-0.6875,87.9375,-178.8125,0.0000,226.6250,
2025-03-09 20:41:04.113,9.5500,0.3400,-0.4900,-0.4375,1.4375,0.3125,87.9375,-178.8125,0.0000,226.6250,
2025-03-09 20:41:04.123,9.5400,0.4000,-0.4300,0.6875,2.1875,-0.7500,87.9375,-178.7500,0.0000,226.6250,
2025-03-09 20:41:04.143,9.5600,0.4500,-0.3700,0.3125,1.4375,-1.8750,87.9375,-178.7500,0.0000,226.8750,
2025-03-09 20:41:04.163,9.5200,0.5800,-0.4000,-0.6875,-0.3750,-0.3125,87.8750,-178.6875,0.0000,226.9375,
2025-03-09 20:41:04.173,9.5100,0.5300,-0.3900,-0.3750,-1.3750,0.8750,87.8125,-178.6875,0.0000,226.9375,
2025-03-09 20:41:04.193,9.5500,0.3600,-0.4800,-0.2500,-2.0000,2.8750,87.8125,-178.6875,0.0000,227.1875,
2025-03-09 20:41:04.203,9.5800,0.3600,-0.4500,-0.3125,-1.7500,2.3750,87.8125,-178.6875,0.0000,227.1875,
2025-03-09 20:41:04.203,9.5800,0.2900,-0.5200,-0.5000,-1.3750,2.0000,87.8125,-178.6875,0.0000,227.1875,
2025-03-09 20:41:04.223,9.5700,0.3700,-0.4700,-0.3750,-0.8125,0.6250,87.7500,-178.6875,0.0000,227.1875,
2025-03-09 20:41:04.243,9.5300,0.4400,-0.4500,-0.1250,0.0625,-1.3125,87.7500,-178.6875,0.0000,227.4375,
2025-03-09 20:41:04.254,9.5300,0.4400,-0.4600,0.1250,0.2500,-1.2500,87.7500,-178.6250,0.0000,227.5000,
2025-03-09 20:41:04.259,9.5400,0.4400,-0.4500,0.1250,0.5000,-0.8125,87.6875,-178.6250,0.0000,227.5000,
2025-03-09 20:41:04.274,9.5500,0.4500,-0.4200,0.1875,0.5625,-0.0625,87.6875,-178.6250,0.0000,227.5000,
2025-03-09 20:41:04.284,9.5300,0.4300,-0.3900,0.0625,0.6875,0.5000,87.6875,-178.6250,0.0000,227.5000,
2025-03-09 20:41:04.294,9.5600,0.4000,-0.4500,-0.2500,0.1250,1.0000,87.6875,-178.6250,0.0000,227.5000,
2025-03-09 20:41:04.294,9.5600,0.3900,-0.4200,-0.3750,-0.0625,1.0625,87.6875,-178.6250,0.0000,227.5000,
2025-03-09 20:41:04.324,9.5400,0.4200,-0.4400,-0.4375,-0.2500,0.6250,87.6875,-178.6250,0.0000,227.5000,
2025-03-09 20:41:04.324,9.5500,0.4400,-0.4500,-0.4375,-0.6875,0.6250,87.6875,-178.6250,0.0000,227.5000,
2025-03-09 20:41:04.334,9.5300,0.4500,-0.4400,-0.3125,-0.8125,0.6250,87.6875,-178.6250,0.0000,227.5000,
2025-03-09 20:41:04.334,9.5600,0.3900,-0.4600,0.0625,-1.0000,0.9375,87.6250,-178.6250,0.0000,227.6250,
2025-03-09 20:41:04.359,9.5200,0.4200,-0.4500,-0.0625,-0.9375,1.1875,87.6250,-178.6250,0.0000,227.6250,
2025-03-09 20:41:04.364,9.5500,0.4000,-0.4600,-0.5625,-0.6250,1.1875,87.6250,-178.6250,0.0000,227.6250,
2025-03-09 20:41:04.394,9.5500,0.3900,-0.4600,-1.5000,-0.6875,1.1875,87.6250,-178.6250,0.0000,227.6250,
2025-03-09 20:41:04.394,9.5700,0.3100,-0.5000,-2.5625,-0.9375,1.2500,87.6250,-178.6250,0.0000,227.6250,
2025-03-09 20:41:04.394,9.5700,0.3700,-0.4700,-2.6875,-1.1250,0.7500,87.6250,-178.6250,0.0000,227.7500,
2025-03-09 20:41:04.394,9.5300,0.4200,-0.4800,-1.8750,-0.6250,0.1250,87.5625,-178.6250,0.0000,227.8125,
2025-03-09 20:41:04.404,9.5200,0.4700,-0.4500,-0.3750,-0.3125,-0.2500,87.5625,-178.6250,0.0000,227.8125,
2025-03-09 20:41:04.424,9.5300,0.4700,-0.4900,0.2500,-0.5000,0.3750,87.5625,-178.6250,0.0000,227.8125,
2025-03-09 20:41:04.424,9.5400,0.4500,-0.5000,0.6250,-0.4375,1.5000,87.5625,-178.6250,0.0000,227.8125,
2025-03-09 20:41:04.434,9.5400,0.4200,-0.4400,0.6250,-0.1875,2.3750,87.5625,-178.6250,0.0000,227.8125,
2025-03-09 20:41:04.444,9.5700,0.3400,-0.4500,0.6875,-0.3125,2.8750,87.5625,-178.6250,0.0000,227.7500,
2025-03-09 20:41:04.460,9.5200,0.2900,-0.5000,0.5000,-0.3750,2.6875,87.5625,-178.6875,0.0000,227.7500,
2025-03-09 20:41:04.464,9.5400,0.3400,-0.4400,-0.1250,-0.6250,1.8750,87.5625,-178.6875,0.0000,227.7500,
2025-03-09 20:41:04.475,9.5500,0.3200,-0.4900,-0.8125,-0.8750,0.7500,87.5625,-178.6875,0.0000,227.7500,
2025-03-09 20:41:04.485,9.5500,0.3400,-0.4800,-0.6250,-1.0625,-0.1250,87.5625,-178.6875,0.0000,227.8125,
2025-03-09 20:41:04.494,9.5400,0.4100,-0.4300,-0.1250,-0.8750,-0.6250,87.5625,-178.6875,0.0000,227.8125,
2025-03-09 20:41:04.505,9.5700,0.4100,-0.5000,0.0625,-0.8750,-0.5625,87.5000,-178.6875,0.0000,227.8125,
2025-03-09 20:41:04.514,9.5000,0.4000,-0.4700,0.0000,-1.2500,0.0625,87.5000,-178.6250,0.0000,227.8125,
2025-03-09 20:41:04.525,9.5200,0.3800,-0.4500,-0.1250,-1.4375,0.6875,87.5000,-178.6250,0.0000,227.8125,
2025-03-09 20:41:04.535,9.5400,0.4000,-0.4600,-0.0625,-1.5625,0.9375,87.5000,-178.6250,0.0000,227.8125,
2025-03-09 20:41:04.545,9.5300,0.4300,-0.4600,-0.3125,-1.8750,1.1250,87.4375,-178.6875,0.0000,227.8125,
2025-03-09 20:41:04.575,9.5400,0.4500,-0.4700,-0.8750,-2.1250,1.4375,87.4375,-178.6875,0.0000,227.8125,
2025-03-09 20:41:04.575,9.5200,0.4200,-0.4700,-2.1875,-2.6875,1.8750,87.4375,-178.6875,0.0000,227.8125,
2025-03-09 20:41:04.575,9.5500,0.3600,-0.5500,-2.9375,-2.9375,2.3750,87.3750,-178.6875,0.0000,227.8750,
2025-03-09 20:41:04.592,9.5700,0.2800,-0.5600,-2.7500,-2.3125,2.3750,87.3750,-178.6875,0.0000,227.8750,
2025-03-09 20:41:04.601,9.5500,0.2800,-0.5700,-2.7500,-2.3125,2.3750,87.3750,-178.6875,0.0000,227.8750,
2025-03-09 20:41:04.607,9.5500,0.2800,-0.5600,-2.2500,-1.2500,1.4375,87.3125,-178.7500,0.0000,227.8750,
2025-03-09 20:41:04.616,9.5300,0.3800,-0.4900,-2.2500,-0.4375,0.1250,87.3125,-178.7500,0.0000,227.9375,
2025-03-09 20:41:04.661,9.5700,0.4000,-0.4800,-2.5625,-0.3750,-0.1875,87.3125,-178.6875,0.0000,227.9375,
2025-03-09 20:41:04.661,9.5500,0.4200,-0.4700,-1.8750,-0.7500,0.5625,87.3125,-178.6875,0.0000,228.0000,
2025-03-09 20:41:04.667,9.5600,0.3700,-0.4700,-1.7500,-1.3750,1.4375,87.3125,-178.6875,0.0000,228.0000,
2025-03-09 20:41:04.667,9.5700,0.3000,-0.5500,-1.8750,-1.6250,1.5625,87.3125,-178.7500,0.0000,228.0000,
2025-03-09 20:41:04.667,9.5500,0.3100,-0.5100,-2.3125,-1.5625,1.3125,87.2500,-178.7500,0.0000,228.0000,
2025-03-09 20:41:04.677,9.5500,0.3300,-0.5000,-2.0625,-1.8125,0.8125,87.2500,-178.7500,0.0000,228.0625,
2025-03-09 20:41:04.687,9.5500,0.3700,-0.4600,-1.5625,-2.2500,0.3750,87.2500,-178.7500,0.0000,228.1875,
2025-03-09 20:41:04.697,9.5300,0.3600,-0.4800,-0.8750,-2.6875,0.6875,87.1875,-178.7500,0.0000,228.1875,
2025-03-09 20:41:04.707,9.5300,0.3700,-0.5300,-0.8125,-3.1875,0.8750,87.1875,-178.7500,0.0000,228.1875,
2025-03-09 20:41:04.717,9.5600,0.3200,-0.5700,-1.3750,-3.0625,0.7500,87.1875,-178.7500,0.0000,228.1875,
2025-03-09 20:41:04.727,9.5400,0.3500,-0.5500,-1.8125,-2.5000,0.5000,87.1250,-178.7500,0.0000,228.2500,
2025-03-09 20:41:04.737,9.5300,0.3800,-0.5800,-1.7500,-2.0625,0.6250,87.1250,-178.7500,0.0000,228.2500,
2025-03-09 20:41:04.752,9.5300,0.4100,-0.5100,-1.6250,-1.8125,1.3750,87.0625,-178.7500,0.0000,228.2500,
2025-03-09 20:41:04.761,9.5600,0.3900,-0.5300,-1.5625,-2.1875,2.3125,87.0625,-178.7500,0.0000,228.2500,
2025-03-09 20:41:04.768,9.5600,0.3100,-0.5500,-1.6250,-2.7500,2.8125,87.0625,-178.7500,0.0000,228.2500,
2025-03-09 20:41:04.777,9.5600,0.2300,-0.5800,-1.6250,-2.8750,2.3750,87.0625,-178.8125,0.0000,228.2500,
2025-03-09 20:41:04.788,9.5600,0.2700,-0.5800,-1.8125,-2.3125,1.1875,87.0000,-178.8125,0.0000,228.3125,
2025-03-09 20:41:04.801,9.5200,0.3000,-0.5900,-2.1875,-2.0625,0.4375,87.0000,-178.8125,0.0000,228.3125,
2025-03-09 20:41:04.808,9.5700,0.3000,-0.6200,-2.6250,-1.5000,-0.2500,87.0000,-178.8125,0.0000,228.3750,
2025-03-09 20:41:04.819,9.5700,0.3200,-0.6000,-3.6250,-1.0000,-0.5000,86.9375,-178.8125,0.0000,228.3750,
2025-03-09 20:41:04.835,9.5400,0.3400,-0.5800,-3.7500,-1.1250,-0.2500,86.9375,-178.8125,0.0000,228.4375,
2025-03-09 20:41:04.839,9.5200,0.3300,-0.5800,-3.4375,-1.1250,0.0000,86.9375,-178.7500,0.0000,228.5000,
2025-03-09 20:41:04.852,9.5600,0.3000,-0.5900,-2.5000,-1.0625,0.1875,86.9375,-178.7500,0.0000,228.5000,
2025-03-09 20:41:04.861,9.5400,0.2800,-0.6000,-1.1875,-0.7500,-0.2500,86.8750,-178.7500,0.0000,228.5000,
2025-03-09 20:41:04.869,9.5600,0.3200,-0.5900,-0.6875,-0.4375,-0.6875,86.8750,-178.7500,0.0000,228.5625,
2025-03-09 20:41:04.879,9.5400,0.3800,-0.5600,-1.0000,-0.5625,-1.0000,86.8750,-178.7500,0.0000,228.5625,
2025-03-09 20:41:04.889,9.5300,0.4000,-0.4900,-1.5625,-1.3750,-0.3750,86.8750,-178.7500,0.0000,228.5625,
2025-03-09 20:41:04.899,9.5500,0.3800,-0.5800,-1.8125,-1.9375,0.3750,86.8750,-178.7500,0.0000,228.6250,
2025-03-09 20:41:04.909,9.5400,0.3200,-0.6000,-1.6250,-2.3750,1.0000,86.8125,-178.7500,0.0000,228.6250,
2025-03-09 20:41:04.919,9.5600,0.3200,-0.6500,-1.1250,-2.2500,1.0000,86.8125,-178.7500,0.0000,228.6250,
2025-03-09 20:41:04.929,9.5500,0.3500,-0.5700,-0.5000,-2.0625,1.0000,86.8125,-178.7500,0.0000,228.6250,
2025-03-09 20:41:04.939,9.5300,0.3800,-0.6200,-0.6250,-1.9375,1.5000,86.7500,-178.7500,0.0000,228.6250,
2025-03-09 20:41:04.961,9.5500,0.3400,-0.6200,-0.7500,-1.8125,2.2500,86.7500,-178.7500,0.0000,228.6250,
2025-03-09 20:41:04.961,9.5500,0.3100,-0.6100,-0.8750,-1.9375,2.3125,86.7500,-178.8125,0.0000,228.6250,
2025-03-09 20:41:04.969,9.5300,0.2600,-0.6500,-0.5000,-1.7500,2.1875,86.7500,-178.8125,0.0000,228.5625,
2025-03-09 20:41:04.980,9.5500,0.2200,-0.6500,-0.4375,-1.5625,1.3125,86.6875,-178.8125,0.0000,228.5625,
2025-03-09 20:41:04.990,9.5500,0.2700,-0.6600,-0.5000,-0.8750,0.5625,86.6875,-178.8125,0.0000,228.5625,
2025-03-09 20:41:04.999,9.5400,0.3300,-0.6100,-0.4375,-0.8750,0.3125,86.6875,-178.8125,0.0000,228.5625,
2025-03-09 20:41:05.010,9.5400,0.3600,-0.6500,-0.6250,-1.0000,0.8750,86.6875,-178.8125,0.0000,228.5625,
2025-03-09 20:41:05.020,9.5400,0.3700,-0.6100,-1.0000,-0.7500,1.5000,86.6875,-178.8125,0.0000,228.5625,
2025-03-09 20:41:05.040,9.5500,0.3500,-0.6000,-1.3750,-0.8750,2.2500,86.6875,-178.8125,0.0000,228.5625,
2025-03-09 20:41:05.040,9.5500,0.3100,-0.6200,-1.8125,-0.8125,2.6250,86.6875,-178.8125,0.0000,228.5625,
2025-03-09 20:41:05.050,9.5500,0.2200,-0.6700,-1.5625,-0.7500,2.6875,86.6250,-178.8750,0.0000,228.5625,
2025-03-09 20:41:05.061,9.5300,0.2300,-0.6800,-0.7500,0.0625,2.0000,86.6250,-178.8750,0.0000,228.5625,
2025-03-09 20:41:05.070,9.5400,0.3000,-0.6300,-0.6250,0.3125,1.5000,86.6250,-178.9375,0.0000,228.5625,
2025-03-09 20:41:05.080,9.5300,0.2900,-0.6000,-1.0000,0.1250,1.4375,86.6875,-178.9375,0.0000,228.5625,
2025-03-09 20:41:05.090,9.5400,0.2800,-0.5700,-0.6250,-0.2500,1.6250,86.6875,-178.9375,0.0000,228.5625,
2025-03-09 20:41:05.100,9.5400,0.2500,-0.5900,-0.1875,-0.5625,1.4375,86.6875,-178.9375,0.0000,228.5625,
2025-03-09 20:41:05.111,9.5600,0.2300,-0.6900,0.0000,-0.9375,1.3750,86.6250,-178.9375,0.0000,228.5625,
2025-03-09 20:41:05.123,9.5500,0.2300,-0.6900,-0.0625,-0.8750,1.0000,86.6250,-178.9375,0.0000,228.5000,
2025-03-09 20:41:05.131,9.5700,0.2700,-0.6400,-0.2500,-0.6250,0.3125,86.6250,-178.9375,0.0000,228.5000,
2025-03-09 20:41:05.141,9.5200,0.3300,-0.6200,-0.6250,-0.5000,0.1250,86.6250,-178.9375,0.0000,228.5000,
2025-03-09 20:41:05.151,9.5500,0.3000,-0.6300,-0.5625,-0.8750,0.5625,86.6250,-178.9375,0.0000,228.5625,
2025-03-09 20:41:05.161,9.5600,0.2700,-0.6300,-0.8125,-1.0000,0.6875,86.6250,-178.9375,0.0000,228.5625,
2025-03-09 20:41:05.172,9.5400,0.2500,-0.6200,-1.6250,-1.3125,0.7500,86.6250,-178.9375,0.0000,228.5625,
2025-03-09 20:41:05.192,9.5300,0.2800,-0.6400,-1.9375,-1.6250,0.8750,86.6250,-178.9375,0.0000,228.5625,
2025-03-09 20:41:05.192,9.5500,0.2900,-0.6400,-2.1875,-1.9375,0.8125,86.5625,-178.9375,0.0000,228.5625,
2025-03-09 20:41:05.202,9.5300,0.3100,-0.6400,-1.9375,-2.0625,1.0000,86.5625,-178.9375,0.0000,228.6250,
2025-03-09 20:41:05.212,9.5600,0.2600,-0.6700,-1.6875,-2.0625,1.5000,86.5625,-179.0000,0.0000,228.6250,
2025-03-09 20:41:05.222,9.5700,0.2500,-0.6700,-0.8750,-2.0625,1.5625,86.5000,-179.0000,0.0000,228.6250,
2025-03-09 20:41:05.232,9.5400,0.2400,-0.6800,0.0000,-1.8125,1.3750,86.5000,-179.0000,0.0000,228.6250,
2025-03-09 20:41:05.242,9.5300,0.2400,-0.6900,0.0625,-1.6250,0.9375,86.5000,-179.0000,0.0000,228.6250,
2025-03-09 20:41:05.262,9.5500,0.2700,-0.7000,-0.5625,-1.3750,0.5625,86.4375,-179.0000,0.0000,228.6250,
2025-03-09 20:41:05.262,9.5600,0.2000,-0.7700,0.1250,-0.8125,0.8125,86.4375,-179.0000,0.0000,228.6250,
2025-03-09 20:41:05.272,9.5200,0.2500,-0.6900,0.4375,0.1250,0.2500,86.4375,-179.0000,0.0000,228.6250,
2025-03-09 20:41:05.302,9.5200,0.3000,-0.6700,0.3750,0.3750,0.3750,86.4375,-179.0000,0.0000,228.6250,
2025-03-09 20:41:05.302,9.5200,0.3000,-0.6700,0.3750,0.2500,0.9375,86.4375,-179.0000,0.0000,228.6250,
2025-03-09 20:41:05.302,9.5400,0.2000,-0.6500,0.5000,-0.2500,1.0000,86.4375,-179.0000,0.0000,228.6250,
2025-03-09 20:41:05.312,9.5500,0.2400,-0.6500,0.2500,-0.5625,0.2500,86.4375,-179.0000,0.0000,228.5625,
2025-03-09 20:41:05.322,9.5400,0.3200,-0.5600,0.2500,-1.2500,0.5000,86.4375,-179.0000,0.0000,228.5625,
2025-03-09 20:41:05.332,9.5400,0.3000,-0.7000,0.6250,-2.0625,1.0000,86.4375,-179.0000,0.0000,228.5625,
2025-03-09 20:41:05.352,9.5200,0.4100,-0.5700,0.7500,-3.4375,4.0000,86.3750,-179.0000,0.0000,228.5625,
2025-03-09 20:41:05.372,9.5500,0.0500,-0.9100,-0.0625,-5.4375,7.3750,86.3125,-179.1250,0.0000,228.5000,
2025-03-09 20:41:05.382,9.5400,0.1800,-0.7400,0.6875,-3.3750,5.9375,86.2500,-179.1875,0.0000,228.4375,
2025-03-09 20:41:05.402,9.5500,0.0600,-0.8400,0.3750,-4.5000,7.0000,86.1875,-179.3125,0.0000,228.3125,
2025-03-09 20:41:05.422,9.5500,0.0400,-0.8000,0.6875,-3.1250,5.0000,86.1250,-179.4375,0.0000,228.1875,
2025-03-09 20:41:05.432,9.5400,0.0200,-0.8300,0.5000,-0.9375,2.5625,86.1250,-179.5000,0.0000,228.0625,
2025-03-09 20:41:05.452,9.5100,0.0800,-0.8400,-0.0625,0.7500,0.0625,86.0625,-179.5000,0.0000,228.0625,
2025-03-09 20:41:05.472,9.5500,0.2100,-0.6700,-0.1250,0.7500,0.6250,86.1250,-179.5000,0.0000,228.0625,
2025-03-09 20:41:05.492,9.5600,0.2000,-0.7300,0.3750,-0.4375,2.1250,86.1250,-179.5625,0.0000,228.0000,
2025-03-09 20:41:05.502,9.5300,0.2100,-0.6700,-0.2500,-1.4375,3.8125,86.1250,-179.5625,0.0000,228.0000,
2025-03-09 20:41:05.522,9.5300,0.0500,-0.7200,-0.3125,-3.6875,5.8750,86.0625,-179.6250,0.0000,227.9375,
2025-03-09 20:41:05.542,9.5500,0.0000,-0.8600,-0.1250,-3.7500,4.9375,86.0000,-179.7500,0.0000,227.8125,
2025-03-09 20:41:05.563,9.5500,-0.0400,-0.8600,0.1875,-1.4375,1.0000,86.0000,-179.7500,0.0000,227.8125,
2025-03-09 20:41:05.583,9.5600,0.1200,-0.7900,-0.8125,0.8125,-1.4375,85.9375,-179.7500,0.0000,227.8125,
2025-03-09 20:41:05.593,9.5200,0.0800,-0.7800,-0.3125,1.0000,-1.4375,85.9375,-179.7500,0.0000,227.8125,
2025-03-09 20:41:05.603,9.5200,0.1500,-0.7500,-0.8125,1.1250,-1.7500,85.9375,-179.7500,0.0000,227.8750,
2025-03-09 20:41:05.624,9.5400,0.2000,-0.7200,-1.4375,1.2500,-1.3125,86.0000,-179.6875,0.0000,227.9375,
2025-03-09 20:41:05.636,9.5200,0.2100,-0.6600,-1.0000,0.2500,-0.3125,86.0000,-179.6875,0.0000,227.9375,
2025-03-09 20:41:05.653,9.5100,0.1200,-0.6800,-0.6875,-1.6250,0.9375,86.0000,-179.6875,0.0000,227.9375,
2025-03-09 20:41:05.673,9.5500,0.1100,-0.7400,-1.3125,-2.5625,1.1875,85.9375,-179.6875,0.0000,227.9375,
2025-03-09 20:41:05.693,9.5200,0.0900,-0.8200,-1.7500,-2.1875,0.0000,85.8750,-179.6875,0.0000,228.0000,
2025-03-09 20:41:05.703,9.5500,0.0700,-0.8500,0.5625,-0.1875,-0.9375,85.8750,-179.6875,0.0000,228.0000,
2025-03-09 20:41:05.723,9.5300,0.1700,-0.7900,1.4375,1.5000,-0.9375,85.8750,-179.6875,0.0000,228.0000,
2025-03-09 20:41:05.743,9.5300,0.2000,-0.6700,0.6250,1.2500,-0.4375,85.8750,-179.6250,0.0000,228.0000,
2025-03-09 20:41:05.753,9.5400,0.1300,-0.7200,0.4375,-0.1875,0.0625,85.8750,-179.6250,0.0000,228.0000,
2025-03-09 20:41:05.773,9.5100,0.1400,-0.7600,0.1250,-0.9375,-0.4375,85.8750,-179.6250,0.0000,228.0000,
2025-03-09 20:41:05.793,9.5500,0.1700,-0.7500,0.1250,-1.3125,0.0625,85.8750,-179.6250,0.0000,228.0000,
2025-03-09 20:41:05.803,9.5500,0.1000,-0.7500,1.5625,-1.4375,0.5000,85.8125,-179.6250,0.0000,228.0000,
2025-03-09 20:41:05.823,9.5400,0.0700,-0.7900,0.7500,-1.3750,-0.0625,85.8125,-179.6250,0.0000,228.0000,
2025-03-09 20:41:05.833,9.5400,0.1500,-0.7600,-0.6875,-1.1250,-0.9375,85.8125,-179.6250,0.0000,228.0000,
2025-03-09 20:41:05.883,9.5300,0.1600,-0.7800,-0.4375,-1.2500,-0.3125,85.7500,-179.6250,0.0000,228.0000,
2025-03-09 20:41:05.883,9.5400,0.1200,-0.7800,-0.2500,-1.0000,-0.5000,85.7500,-179.6250,0.0000,228.0000,
2025-03-09 20:41:05.883,9.5400,0.1300,-0.7900,0.4375,-0.7500,-0.8125,85.7500,-179.6250,0.0000,228.0000,
2025-03-09 20:41:05.903,9.5300,0.1400,-0.7600,0.0625,-0.7500,-0.7500,85.6875,-179.6250,0.0000,228.0000,
2025-03-09 20:41:05.923,9.5500,0.2100,-0.8000,0.5000,-1.6250,0.1875,85.6875,-179.6250,0.0000,228.0000,
2025-03-09 20:41:05.933,9.5500,0.1100,-0.8200,-0.3750,-1.4375,1.1250,85.6250,-179.6250,0.0000,228.0000,
2025-03-09 20:41:05.953,9.5600,0.1400,-0.8500,-0.1875,-0.8125,1.0000,85.6250,-179.6250,0.0000,228.0000,
2025-03-09 20:41:05.973,9.5300,0.1300,-0.7800,0.5625,0.1875,1.2500,85.6250,-179.6250,0.0000,228.0000,
2025-03-09 20:41:05.983,9.5400,0.1000,-0.7600,1.4375,-0.1875,0.9375,85.6250,-179.6875,0.0000,227.9375,
2025-03-09 20:41:06.003,9.5200,0.1000,-0.7500,2.1875,-0.6250,0.4375,85.6250,-179.6875,0.0000,227.9375,
2025-03-09 20:41:06.023,9.5100,0.1100,-0.8500,0.7500,-1.0000,-0.5625,85.6250,-179.6875,0.0000,227.8750,
2025-03-09 20:41:06.033,9.5500,0.1600,-0.8300,-0.1250,-0.8750,-0.5625,85.6250,-179.6875,0.0000,227.8750,
2025-03-09 20:41:06.053,9.5400,0.1300,-0.8300,0.7500,-0.3125,0.6875,85.6250,-179.6875,0.0000,227.8750,
2025-03-09 20:41:06.073,9.5200,0.0800,-0.8200,0.8125,-0.1250,1.6875,85.6250,-179.6875,0.0000,227.8750,
2025-03-09 20:41:06.083,9.5400,0.1200,-0.7900,1.4375,0.1250,0.6250,85.6250,-179.6875,0.0000,227.8125,
2025-03-09 20:41:06.103,9.5400,0.1700,-0.7500,1.6250,0.0000,0.0000,85.6250,-179.7500,0.0000,227.8125,
2025-03-09 20:41:06.123,9.5400,0.1700,-0.7600,0.8750,-0.6875,1.1875,85.6250,-179.7500,0.0000,227.7500,
2025-03-09 20:41:06.133,9.5400,0.1400,-0.7900,0.3125,-1.2500,2.0625,85.5625,-179.7500,0.0000,227.7500,
2025-03-09 20:41:06.164,9.5300,0.0500,-0.7800,0.0625,-1.8125,2.5625,85.5625,-179.8125,0.0000,227.6875,
2025-03-09 20:41:06.174,9.5800,0.1500,-0.8600,0.5000,-1.5625,2.1875,85.5000,-179.8750,0.0000,227.6250,
2025-03-09 20:41:06.184,9.5600,0.0900,-0.8100,0.4375,-0.6875,4.5000,85.5000,-179.9375,0.0000,227.5625,
2025-03-09 20:41:06.194,9.5500,-0.0400,-0.8500,-0.6250,-0.4375,5.9375,85.5000,179.9375,0.0000,227.5000,
2025-03-09 20:41:06.214,9.5700,-0.1100,-0.7700,0.6875,-0.0625,6.1250,85.5000,179.8750,0.0000,227.4375,
2025-03-09 20:41:06.214,9.6200,-0.1000,-0.7900,3.0000,0.5000,7.3750,85.5000,179.8125,0.0000,227.3125,
2025-03-09 20:41:06.224,9.6800,-0.7900,-0.6100,4.4375,0.5625,10.0000,85.5000,179.7500,0.0000,227.1875,
2025-03-09 20:41:06.254,9.7300,-0.5600,-0.8100,2.3750,4.0625,37.9375,85.5000,179.1250,0.0000,226.6250,
2025-03-09 20:41:06.274,9.4900,-0.5100,-0.7600,4.6250,7.3125,54.5625,85.3125,178.1250,0.0000,225.5625,
2025-03-09 20:41:06.284,10.0100,-0.3400,-1.1100,-3.2500,8.2500,47.5000,85.0000,177.1875,0.0000,224.5625,
2025-03-09 20:41:06.304,9.6400,-0.8200,-0.6900,-10.6875,4.6250,38.5625,84.8125,176.8125,0.0000,224.5000,
2025-03-09 20:41:06.304,9.4100,-0.6300,-0.7700,-8.7500,2.1875,44.5625,84.5625,176.3750,0.0000,224.1250,
2025-03-09 20:41:06.314,9.1100,-0.7100,-0.8100,-11.2500,-2.5000,54.0625,84.1875,175.8750,0.0000,223.7500,
2025-03-09 20:41:06.324,10.7000,-1.4700,-0.5900,-14.1875,-12.4375,62.8750,83.6250,175.2500,0.0000,223.2500,
2025-03-09 20:41:06.334,9.8600,-1.1400,-0.7500,-20.1250,4.1250,67.6250,83.1875,174.6250,0.0000,222.8125,
2025-03-09 20:41:06.344,9.6600,-1.1200,-1.3300,-28.5625,22.0000,82.5000,82.6250,123.5000,0.0000,222.3750,
2025-03-09 20:41:06.364,9.7700,-1.2300,-0.8500,-24.2500,14.4375,92.8125,81.9375,119.3125,0.0000,221.7500,
2025-03-09 20:41:06.364,9.3200,-1.5500,-0.7900,-21.9375,9.4375,99.1250,81.1250,116.0000,0.0000,221.0000,
2025-03-09 20:41:06.374,9.4000,-1.6200,-0.8900,-17.0000,7.6875,108.3125,80.1875,113.0625,0.0000,220.1250,
2025-03-09 20:41:06.384,9.2800,-1.4900,-0.7900,-11.7500,5.0000,112.1250,79.2500,110.6875,0.0000,219.1875,
2025-03-09 20:41:06.394,9.2100,-1.8500,-0.7500,-6.2500,0.4375,111.3750,78.1875,108.9375,0.0000,218.4375,
2025-03-09 20:41:06.404,9.1100,-2.0000,-0.6100,-2.5625,-0.5000,106.8125,77.2500,107.4375,0.0000,217.4375,
2025-03-09 20:41:06.414,8.9300,-2.2600,-0.4500,-3.1250,0.1875,103.0625,76.2500,106.2500,0.0000,216.4375,
2025-03-09 20:41:06.424,8.9100,-2.4900,-0.4500,-6.4375,-0.8750,109.2500,75.2500,105.1875,0.0000,215.4375,
2025-03-09 20:41:06.434,8.7500,-2.7500,-0.8800,-7.6250,0.4375,117.5000,74.1250,104.2500,0.0000,214.3750,
2025-03-09 20:41:06.464,8.3900,-2.8200,-0.9200,-7.9375,-0.5000,119.8750,73.0000,103.3750,0.0000,213.6875,
2025-03-09 20:41:06.464,8.3000,-2.7800,-0.7200,-8.1875,-2.3125,117.1250,71.9375,102.6875,0.0000,212.6250,
2025-03-09 20:41:06.464,8.9000,-2.8500,-0.8800,-6.6250,-5.5625,114.6250,70.8125,102.1875,0.0000,211.5625,
2025-03-09 20:41:06.484,9.3400,-2.9700,-0.9000,-4.5625,-5.6875,108.3750,69.8125,101.8125,0.0000,210.5625,
2025-03-09 20:41:06.484,9.3000,-2.9800,-0.7900,-6.6875,-3.0000,95.2500,68.8750,101.4375,0.0000,209.6875,
2025-03-09 20:41:06.495,9.2300,-3.0500,-0.8600,-7.1250,0.5000,83.0625,68.0625,101.1250,0.0000,209.3750,
2025-03-09 20:41:06.505,8.9500,-3.3600,-0.8400,-3.3750,1.0625,75.6875,67.3750,100.7500,0.0000,208.6875,
2025-03-09 20:41:06.515,8.9100,-3.3900,-0.8200,-0.5000,0.4375,69.7500,66.6875,100.5000,0.0000,208.0000,
2025-03-09 20:41:06.525,8.8300,-3.3300,-0.7000,2.7500,-0.2500,65.8750,66.0625,100.1875,0.0000,207.3125,
2025-03-09 20:41:06.535,8.7900,-3.6800,-0.7600,7.9375,0.1875,60.8750,65.5000,99.8750,0.0000,206.6875,
2025-03-09 20:41:06.545,8.6200,-3.7600,-0.5100,14.4375,0.5000,58.7500,64.9375,99.5625,0.0000,206.3750,
2025-03-09 20:41:06.555,8.6600,-4.0600,-0.5700,19.1250,1.3125,63.0000,64.3125,99.1250,0.0000,205.5625,
2025-03-09 20:41:06.575,8.4800,-4.2100,-0.5700,21.8125,3.0625,66.1250,63.6875,98.6250,0.0000,204.7500,
2025-03-09 20:41:06.575,7.9800,-4.4500,-0.5000,17.5000,4.3125,73.5000,63.0000,98.1875,0.0000,203.8750,
2025-03-09 20:41:06.585,7.8300,-4.4600,-0.6700,11.7500,5.5000,81.8750,62.2500,97.7500,0.0000,203.0000,
2025-03-09 20:41:06.603,8.1400,-4.5700,-0.8400,9.1250,3.4375,87.7500,61.3750,97.3750,0.0000,202.5000,
2025-03-09 20:41:06.605,8.2400,-4.7800,-0.7100,8.3125,-1.3750,89.1875,60.5625,97.1250,0.0000,201.5625,
2025-03-09 20:41:06.615,8.4100,-4.8100,-0.8000,9.5625,-4.5000,89.7500,59.6875,96.9375,0.0000,200.5625,
2025-03-09 20:41:06.625,8.4800,-5.0100,-1.0200,18.4375,-6.4375,91.8750,58.7500,96.6875,0.0000,199.5000,
2025-03-09 20:41:06.635,7.9800,-5.3300,-0.6600,21.6875,-6.7500,87.2500,57.9375,96.4375,0.0000,198.4375,
2025-03-09 20:41:06.645,7.4800,-5.1300,-0.1400,17.0000,-5.5625,87.5000,57.0625,96.1875,0.0000,197.9375,
2025-03-09 20:41:06.656,7.5700,-5.1300,-0.2000,16.6250,-1.3750,96.3125,56.1250,95.8750,0.0000,196.8125,
2025-03-09 20:41:06.667,7.6600,-4.9500,-0.3300,18.1250,5.5625,102.5000,55.1875,95.5000,0.0000,195.7500,
2025-03-09 20:41:06.676,7.9300,-5.1400,-0.6000,20.2500,8.7500,100.9375,54.1875,95.0625,0.0000,194.6250,
2025-03-09 20:41:06.686,7.8800,-5.4600,-0.6700,21.0625,9.4375,90.6875,53.3125,94.6250,0.0000,193.6250,
2025-03-09 20:41:06.696,7.5800,-5.8400,-0.4600,18.0625,8.1250,76.1875,52.6250,94.2500,0.0000,193.1875,
2025-03-09 20:41:06.706,7.5400,-5.9600,-0.4300,17.7500,6.6250,70.3750,51.9375,93.9375,0.0000,192.4375,
2025-03-09 20:41:06.716,6.6700,-5.7500,-0.2100,20.6875,5.0000,75.4375,51.1875,93.6250,0.0000,191.5625,
2025-03-09 20:41:06.726,6.3900,-5.5600,0.0100,21.2500,4.0625,80.9375,50.4375,93.3125,0.0000,190.6250,
2025-03-09 20:41:06.736,6.6000,-5.4800,-0.0200,21.1250,0.3125,86.6875,49.5625,93.0625,0.0000,189.6250,
2025-03-09 20:41:06.766,6.7700,-5.9100,-0.1100,23.0625,-1.8750,87.3750,48.7500,92.8125,0.0000,189.1875,
2025-03-09 20:41:06.766,7.1200,-6.9400,0.1400,21.0000,-3.6250,81.4375,47.9375,92.5625,0.0000,188.1875,
2025-03-09 20:41:06.766,7.0800,-7.3100,-0.5100,17.0000,-7.1250,79.0625,47.1875,92.4375,0.0000,187.2500,
2025-03-09 20:41:06.778,7.2000,-7.1700,-0.6200,19.4375,1.2500,85.9375,46.3750,92.2500,0.0000,186.3125,
2025-03-09 20:41:06.786,6.9900,-6.8600,-0.5600,16.0625,3.3125,91.5000,45.5000,92.0000,0.0000,185.3125,
2025-03-09 20:41:06.797,7.0000,-6.8700,-0.5400,17.3750,-0.3125,95.0625,44.5625,91.8125,0.0000,184.6875,
2025-03-09 20:41:06.812,6.7400,-6.8700,-0.3600,18.4375,-5.5000,97.3750,43.6250,91.6250,0.0000,183.6250,
2025-03-09 20:41:06.829,6.0400,-6.8600,0.0500,16.3125,-9.9375,97.5000,42.6875,91.5625,0.0000,182.5000,
2025-03-09 20:41:06.829,5.9500,-6.6200,0.1600,15.9375,-9.7500,100.1875,41.6875,91.4375,0.0000,181.3125,
2025-03-09 20:41:06.837,6.1100,-6.7900,-0.1000,18.5625,-5.8750,102.8750,40.6875,91.3125,0.0000,180.1875,
2025-03-09 20:41:06.848,5.5000,-7.0000,0.0600,18.6250,-10.2500,103.0000,39.6875,91.1875,0.0000,179.3750,
2025-03-09 20:41:06.858,5.3000,-7.4600,-0.1100,14.6875,-17.4375,101.3750,38.6875,91.1875,0.0000,178.1875,
2025-03-09 20:41:06.868,4.8400,-7.6600,-0.1700,11.8750,-16.1250,100.2500,37.7500,91.1875,0.0000,177.0000,
2025-03-09 20:41:06.878,4.2000,-7.8100,0.4800,9.1875,-17.6875,103.0000,36.7500,91.1875,0.0000,175.8125,
2025-03-09 20:41:06.888,5.1800,-7.5800,0.1500,2.7500,-14.7500,108.6875,35.6875,91.2500,0.0000,174.6250,
2025-03-09 20:41:06.898,5.4700,-7.2600,-0.2500,2.0000,-10.8750,114.0000,34.5625,91.3125,0.0000,174.0000,
2025-03-09 20:41:06.908,4.8600,-7.3500,0.2500,4.2500,-12.4375,100.1250,33.6250,91.3125,0.0000,172.9375,
2025-03-09 20:41:06.918,4.6300,-7.8900,-0.3200,11.6250,-5.1250,87.0000,32.7500,91.2500,0.0000,171.9375,
2025-03-09 20:41:06.928,4.3800,-8.1900,-0.4500,14.8750,-6.4375,81.7500,31.9375,91.1250,0.0000,171.0625,
2025-03-09 20:41:06.938,4.3400,-8.1400,-0.2300,17.3750,-10.1250,80.3750,31.1875,91.0000,0.0000,170.0625,
2025-03-09 20:41:06.948,4.2500,-8.1400,-0.1200,18.6875,-13.5625,83.5000,30.3750,90.8750,0.0000,169.3750,
2025-03-09 20:41:06.958,4.4400,-8.0700,0.1200,17.0000,-14.3125,88.3125,29.5000,90.8125,0.0000,168.3125,
2025-03-09 20:41:06.968,4.0500,-8.4500,0.2700,14.8750,-10.7500,87.5000,28.6875,90.6875,0.0000,167.2500,
2025-03-09 20:41:06.988,4.4400,-8.5000,0.1000,11.5000,0.1250,86.3750,27.8125,90.5625,0.0000,166.3750,
2025-03-09 20:41:06.988,4.7000,-8.6200,-0.4500,9.5000,-0.7500,91.0625,26.9375,90.5000,0.0000,165.4375,
2025-03-09 20:41:06.998,3.8200,-8.5300,-0.2500,4.5000,-12.0000,95.0625,26.0625,90.5000,0.0000,164.6250,
2025-03-09 20:41:07.018,2.9700,-8.1900,0.4200,2.3125,-11.3125,98.4375,25.0625,90.5000,0.0000,163.5625,
2025-03-09 20:41:07.028,3.0400,-8.1200,0.1500,1.4375,-8.1250,97.1250,24.1250,90.5625,0.0000,162.5625,
2025-03-09 20:41:07.028,2.7200,-8.3200,0.2500,1.6875,-9.9375,96.3750,23.1875,90.5625,0.0000,161.5625,
2025-03-09 20:41:07.038,3.2400,-8.4500,0.0000,2.0625,-0.4375,96.8750,22.2500,90.5625,0.0000,160.6250,
2025-03-09 20:41:07.058,3.2600,-8.2700,-0.3200,4.8750,-3.5000,97.5000,22.2500,90.5625,0.0000,160.6250,
2025-03-09 20:41:07.058,2.8100,-7.9900,0.4500,4.5000,-13.3125,88.0000,20.4375,90.5000,0.0000,158.8125,
2025-03-09 20:41:07.068,3.1300,-8.2500,0.3700,7.6250,-7.5000,74.8125,19.7500,90.4375,0.0000,158.0000,
2025-03-09 20:41:07.078,2.3100,-8.9600,-0.1600,6.8125,-5.4375,69.3750,19.0625,90.3750,0.0000,157.2500,
2025-03-09 20:41:07.089,1.6500,-9.1700,-0.2500,2.5000,-7.8125,70.6250,18.3750,90.3750,0.0000,156.5000,
2025-03-09 20:41:07.098,1.4300,-9.2100,-0.0700,-1.7500,-13.1875,79.4375,18.3750,90.3750,0.0000,156.5000,
2025-03-09 20:41:07.154,2.4100,-8.2300,0.3200,-4.8125,-14.8750,79.8750,16.8125,90.5625,0.0000,155.0000,
2025-03-09 20:41:07.154,2.1000,-8.9400,0.2500,-6.1875,-12.3125,69.6875,16.1875,90.6250,0.0000,154.2500,
2025-03-09 20:41:07.170,1.9200,-9.2100,0.3000,-9.4375,-9.1250,71.1250,15.5000,90.7500,0.0000,153.5000,
2025-03-09 20:41:07.170,1.9000,-9.0500,0.3300,-12.7500,-3.5625,76.3125,14.7500,90.8750,0.0000,152.7500,
2025-03-09 20:41:07.170,1.9000,-9.6600,-0.6600,-15.8125,9.0000,78.6250,14.7500,90.8750,0.0000,152.7500,
2025-03-09 20:41:07.170,1.6800,-9.5600,-0.4800,-19.3125,-1.7500,92.5625,13.0625,91.1875,0.0000,151.5000,
2025-03-09 20:41:07.170,1.0600,-9.1500,0.2600,-23.7500,-11.3125,104.4375,13.0625,91.1875,0.0000,151.5000,
2025-03-09 20:41:07.181,1.0200,-8.4800,-0.0500,-21.1875,-7.5625,101.1250,12.0625,91.4375,0.0000,150.3750,
2025-03-09 20:41:07.189,0.9800,-8.3200,0.8300,-19.1875,-4.1250,84.5625,11.0625,91.6875,0.0000,149.3750,
2025-03-09 20:41:07.199,1.9200,-8.2900,-0.3000,-10.1875,8.6875,62.5625,10.2500,91.8750,0.0000,148.5625,
2025-03-09 20:41:07.209,1.5000,-8.9000,-0.6500,-6.5000,1.5000,42.5000,9.6875,91.9375,0.0000,148.3125,
2025-03-09 20:41:07.220,0.1100,-9.3700,-0.4700,-7.0625,1.1875,37.1875,9.2500,92.0000,0.0000,147.9375,
2025-03-09 20:41:07.229,0.0600,-9.2500,-0.4600,-6.6875,2.5625,40.3125,8.8750,92.0625,0.0000,147.6250,
2025-03-09 20:41:07.240,0.0100,-9.0300,-0.2700,-6.0625,-0.8750,42.7500,8.5000,92.1250,0.0000,147.2500,
2025-03-09 20:41:07.250,0.0100,-9.0300,-0.2700,-3.7500,-1.8750,41.4375,8.0625,92.1875,0.0000,146.8125,
2025-03-09 20:41:07.259,0.1000,-9.1200,-0.2600,-2.0625,-1.0000,36.6875,7.6875,92.1875,0.0000,146.5625,
2025-03-09 20:41:07.270,-0.4500,-9.3900,0.0800,-3.9375,5.8125,30.8125,7.3125,92.2500,0.0000,146.1875,
2025-03-09 20:41:07.280,0.2900,-9.1700,-1.0100,-1.3750,9.3125,29.9375,7.0625,92.2500,0.0000,145.9375,
2025-03-09 20:41:07.290,-0.3700,-9.1400,0.0200,-3.1875,-4.0000,26.7500,6.7500,92.2500,0.0000,145.7500,
2025-03-09 20:41:07.310,0.1000,-8.8200,0.0000,-6.7500,-5.0000,31.1250,6.1875,92.3125,0.0000,145.1250,
2025-03-09 20:41:07.320,0.3800,-8.6000,0.0900,-5.1875,-1.7500,22.3125,5.8750,92.3750,0.0000,144.8125,
2025-03-09 20:41:07.330,0.1400,-8.7100,0.0700,-1.5000,1.2500,11.6875,5.6875,92.4375,0.0000,144.5625,
2025-03-09 20:41:07.340,0.1100,-8.7600,-0.0500,1.5000,2.0000,4.1875,5.5625,92.5000,0.0000,144.4375,
2025-03-09 20:41:07.360,0.3300,-9.8800,-0.4900,-5.3750,-0.9375,7.2500,5.5000,92.4375,0.0000,144.7500,
2025-03-09 20:41:07.370,0.4600,-9.7200,-0.3900,-8.7500,-3.1875,18.6875,5.4375,92.5000,0.0000,144.6875,
2025-03-09 20:41:07.390,0.1600,-9.2600,-0.1800,-2.6250,0.5000,21.6875,5.0625,92.6875,0.0000,144.2500,
2025-03-09 20:41:07.410,-0.1700,-8.8600,-0.3600,1.5625,4.5625,1.9375,4.6875,92.6875,0.0000,144.0000,
2025-03-09 20:41:07.430,-0.0200,-9.6700,-0.3100,-4.0000,-0.0625,-5.3125,4.7500,92.6875,0.0000,144.1250,
2025-03-09 20:41:07.450,0.1700,-9.6000,-0.2700,-4.9375,-1.2500,8.1875,4.8125,92.8125,0.0000,144.1250,
2025-03-09 20:41:07.460,0.2200,-8.9200,-0.0600,-1.3125,1.1875,2.3125,4.6875,92.8125,0.0000,144.0625,
2025-03-09 20:41:07.481,0.0800,-9.1600,-0.4500,4.4375,4.0000,-14.7500,4.7500,92.8125,0.0000,144.1250,
2025-03-09 20:41:07.501,-0.1200,-9.4300,-0.4700,0.1250,3.3125,-17.3125,5.0625,92.7500,0.0000,144.5000,
2025-03-09 20:41:07.511,0.4400,-9.1200,-0.1100,-5.5000,-2.8125,-2.0000,5.1250,92.8125,0.0000,144.6250,
2025-03-09 20:41:07.531,0.2000,-9.6100,-0.3700,-2.8750,0.7500,-1.8750,5.0625,92.8750,0.0000,144.5000,
2025-03-09 20:41:07.551,0.3600,-9.2600,-0.2800,-2.3750,0.0625,0.3750,5.0625,92.8750,0.0000,144.5000,
2025-03-09 20:41:07.561,0.0300,-9.3600,-0.3600,0.1250,0.5000,-4.1875,5.1250,92.9375,0.0000,144.5625,
2025-03-09 20:41:07.581,0.2700,-9.3200,-0.3300,-1.7500,-0.7500,0.8125,4.9375,92.8750,0.0000,144.3750,
2025-03-09 20:41:07.601,0.3200,-9.2600,-0.2900,-2.5000,-1.8750,5.8750,4.7500,92.8750,0.0000,144.1250,
2025-03-09 20:41:07.611,0.3800,-9.1800,-0.2600,-0.3750,-0.7500,4.3750,4.6250,92.8750,0.0000,144.0000,
2025-03-09 20:41:07.631,0.2400,-9.3400,-0.3300,1.8125,1.3750,-0.0625,4.4375,92.8125,0.0000,143.8125,
2025-03-09 20:41:07.668,-0.1700,-9.0200,-0.2400,3.3125,1.9375,-3.8750,4.4375,92.7500,0.0000,143.8125,
2025-03-09 20:41:07.668,-0.3300,-9.1600,-0.3600,0.2500,-0.6250,-7.5000,4.5000,92.7500,0.0000,143.9375,
2025-03-09 20:41:07.682,0.2500,-9.4300,-0.3000,-1.8750,-1.4375,1.0625,4.6250,92.7500,0.0000,144.0000,
2025-03-09 20:41:07.701,0.5200,-9.3500,-0.3000,0.6875,-0.6875,-2.0625,4.6250,92.7500,0.0000,144.0000,
2025-03-09 20:41:07.711,0.4200,-9.4800,-0.3200,2.8750,0.3750,-2.3125,4.6250,92.7500,0.0000,144.0000,
2025-03-09 20:41:07.731,0.1100,-9.3700,-0.3300,1.5625,0.0625,-2.0625,4.6875,92.6875,0.0000,144.0625,
2025-03-09 20:41:07.751,0.0000,-9.0500,-0.2300,1.7500,0.6250,-6.0625,4.7500,92.6250,0.0000,144.1250,
2025-03-09 20:41:07.761,0.0000,-9.0400,-0.2800,3.3750,1.5625,-17.1250,4.8750,92.6250,0.0000,144.3125,
2025-03-09 20:41:07.781,0.0100,-9.4000,-0.4900,1.3125,1.4375,-19.6250,5.2500,92.5625,0.0000,144.6875,
2025-03-09 20:41:07.801,0.5300,-9.3600,-0.3200,0.3125,0.9375,-16.9375,5.6250,92.5625,0.0000,145.0625,
2025-03-09 20:41:07.811,0.5200,-9.2700,-0.1800,0.8750,0.9375,-15.5625,5.7500,92.5625,0.0000,145.2500,
2025-03-09 20:41:07.831,0.3500,-9.1300,-0.2100,1.3750,6.1250,-31.5000,6.1250,92.5000,0.0000,145.6250,
2025-03-09 20:41:07.851,0.1400,-8.8300,-0.3100,1.1250,6.3750,-39.6250,6.8125,92.5000,0.0000,146.4375,
2025-03-09 20:41:07.861,0.3300,-8.9200,-0.3400,-1.3125,3.5000,-46.6250,7.3125,92.5000,0.0000,147.0000,
2025-03-09 20:41:07.882,0.9600,-8.9800,-0.1600,1.9375,3.8750,-40.5000,8.1250,92.5000,0.0000,147.8750,
2025-03-09 20:41:07.892,0.8000,-8.6300,-0.1600,7.0625,5.5625,-47.8750,9.0000,92.3750,0.0000,148.8125,
2025-03-09 20:41:07.912,0.2600,-8.5200,-0.2700,4.0625,1.6875,-71.5625,9.5625,92.3125,0.0000,149.4375,
2025-03-09 20:41:07.942,0.7800,-9.0300,-0.2400,-3.4375,-5.0000,-75.8750,11.0000,92.3125,0.0000,150.8750,
2025-03-09 20:41:07.972,2.2600,-8.7300,-0.0800,-14.3125,-3.9375,-68.3125,12.3125,92.6250,0.0000,152.1250,
2025-03-09 20:41:07.972,1.9600,-8.7700,-0.1000,-12.2500,1.6875,-77.7500,13.0625,92.7500,0.0000,152.9375,
2025-03-09 20:41:07.982,1.4600,-9.2900,-0.6300,-6.3125,5.5000,-93.9375,14.8750,92.8750,0.0000,154.8750,
2025-03-09 20:41:07.992,1.8900,-8.3600,-0.2000,-5.3750,-1.5000,-93.6250,16.6875,93.0000,0.0000,156.6875,
2025-03-09 20:41:08.012,2.8500,-8.7600,-0.3200,-2.4375,-0.1250,-103.6875,17.6875,93.0625,0.0000,157.7500,
2025-03-09 20:41:08.032,3.6100,-9.0800,-0.5400,0.6250,4.4375,-104.1875,19.7500,93.0625,0.0000,159.8750,
2025-03-09 20:41:08.047,3.1400,-8.8900,-0.5100,7.0000,3.0000,-89.1875,21.5625,93.0000,0.0000,161.6875,
2025-03-09 20:41:08.062,3.1000,-8.6800,-0.3600,5.5625,2.9375,-90.3125,22.4375,92.9375,0.0000,162.6250,
2025-03-09 20:41:08.082,3.5200,-8.5000,-0.4100,5.1875,7.1875,-110.0000,24.4375,92.8125,0.0000,164.6875,
2025-03-09 20:41:08.102,3.5700,-8.1900,-0.9200,-0.8125,9.3750,-127.0000,26.8125,92.8125,0.0000,167.2500,
2025-03-09 20:41:08.113,4.1000,-8.5600,0.0700,-3.3125,4.6250,-126.5625,28.0625,92.8125,0.0000,168.5625,
2025-03-09 20:41:08.124,4.7200,-8.0400,-0.3500,2.4375,6.9375,-94.9375,30.0625,92.7500,0.0000,170.6250,
2025-03-09 20:41:08.144,4.6400,-7.6000,-0.2800,6.6250,6.8750,-100.6875,31.9375,92.6250,0.0000,172.5625,
2025-03-09 20:41:08.164,4.2500,-7.8300,-0.4000,4.7500,6.3750,-115.5000,33.0625,92.5625,0.0000,173.8125,
2025-03-09 20:41:08.184,5.2500,-7.2200,-0.2800,3.3750,3.5625,-139.3125,35.6875,92.5000,0.0000,176.4375,
2025-03-09 20:41:08.201,6.2000,-7.2400,-0.2500,1.1875,10.1250,-116.5000,38.1250,92.4375,0.0000,179.0000,
2025-03-09 20:41:08.215,6.1400,-6.7600,-0.1700,-2.1875,10.7500,-104.6875,39.1250,92.4375,0.0000,180.1250,
2025-03-09 20:41:08.235,6.2400,-7.0900,-0.2200,-0.3750,10.9375,-118.8125,41.3750,92.3125,0.0000,182.5000,
2025-03-09 20:41:08.245,5.9400,-6.8400,-0.5900,-6.0000,13.6250,-123.6875,42.5625,92.2500,0.0000,183.8125,
2025-03-09 20:41:08.265,6.2800,-6.7600,-0.3400,-8.9375,3.8125,-122.3125,45.0625,92.5000,0.0000,186.5000,
2025-03-09 20:41:08.270,6.8200,-6.4900,-0.2900,-7.5625,0.6250,-108.0000,46.0625,92.6250,0.0000,187.6250,
2025-03-09 20:41:08.282,6.9200,-6.4900,-0.2100,-8.3125,-0.7500,-93.7500,47.0000,92.7500,0.0000,188.5625,
2025-03-09 20:41:08.293,7.1900,-6.3500,-0.3800,-11.5625,2.1250,-82.7500,47.8125,92.8750,0.0000,189.5000,
2025-03-09 20:41:08.316,6.7000,-5.7700,-0.3900,-18.2500,6.6875,-92.0625,49.5000,93.1875,0.0000,191.5000,
2025-03-09 20:41:08.316,6.4400,-6.4400,-0.5800,-9.8125,4.7500,-109.1875,50.5625,93.3125,0.0000,192.6875,
2025-03-09 20:41:08.326,6.1300,-6.9000,-0.6500,-10.3750,2.1250,-117.0000,51.6875,93.4375,0.0000,193.9375,
2025-03-09 20:41:08.344,6.7800,-6.5200,-0.7400,-13.6250,0.1875,-108.0625,52.6875,93.6875,0.0000,195.0625,
2025-03-09 20:41:08.351,7.4900,-5.8000,-0.5300,-22.6875,-0.8125,-92.2500,53.6250,94.0000,0.0000,196.1250,
2025-03-09 20:41:08.357,7.8300,-5.1100,-0.2400,-31.0625,-1.0000,-74.2500,54.3125,94.3750,0.0000,197.1250,
2025-03-09 20:41:08.370,8.3900,-4.8700,-0.4900,-34.4375,-0.1250,-64.3750,54.9375,94.7500,0.0000,198.0000,
2025-03-09 20:41:08.378,7.6300,-5.0600,-0.3100,-42.8125,2.4375,-68.8750,55.6250,95.2500,0.0000,199.0625,
2025-03-09 20:41:08.388,7.5900,-5.3300,-0.6100,-42.3125,3.1250,-74.0625,56.3125,95.6875,0.0000,200.1875,
2025-03-09 20:41:08.418,7.4400,-5.3300,-0.5700,-35.4375,-1.0000,-73.8125,57.0625,96.1875,0.0000,201.1875,
2025-03-09 20:41:08.418,7.8300,-5.0200,-0.4300,-30.0625,-5.0625,-72.1875,57.7500,96.6875,0.0000,202.1250,
2025-03-09 20:41:08.418,8.3200,-4.6600,-0.3600,-22.0000,-7.1875,-68.0625,58.3750,97.1250,0.0000,202.9375,
2025-03-09 20:41:08.428,8.9500,-3.9100,-0.2400,-17.8125,-0.8750,-67.2500,59.0000,97.4375,0.0000,203.7500,
2025-03-09 20:41:08.438,8.9600,-4.1200,-0.6400,-12.7500,8.6875,-72.5625,59.7500,97.5625,0.0000,204.5625,
2025-03-09 20:41:08.448,8.3200,-4.5000,-0.6100,-7.9375,12.6875,-80.0625,60.5000,97.6250,0.0000,205.5000,
2025-03-09 20:41:08.458,7.8400,-5.0700,-0.7700,-0.3750,12.1875,-82.1250,61.3125,97.6250,0.0000,206.3750,
2025-03-09 20:41:08.470,7.9700,-4.6100,-0.6600,5.3125,5.6875,-71.0625,62.0000,97.6250,0.0000,207.0000,
2025-03-09 20:41:08.479,8.3500,-4.1200,-0.6700,6.5000,-0.3750,-57.6250,62.5625,97.6875,0.0000,207.5000,
2025-03-09 20:41:08.489,8.2300,-3.9800,-0.5600,1.8125,-0.6875,-59.6250,63.1250,97.8125,0.0000,208.0625,
2025-03-09 20:41:08.509,8.0800,-4.3400,-0.7700,-5.8750,6.5625,-75.4375,63.8750,98.0000,0.0000,208.8750,
2025-03-09 20:41:08.509,7.8100,-4.0300,-0.6600,-14.7500,13.3750,-86.4375,64.6875,98.0625,0.0000,209.9375,
2025-03-09 20:41:08.519,8.1800,-3.6400,-0.5000,-16.5000,18.5000,-90.9375,65.6250,98.1250,0.0000,211.0625,
2025-03-09 20:41:08.529,8.2900,-3.4500,-0.4900,-16.8125,22.2500,-95.7500,66.5625,98.1250,0.0000,212.1875,
2025-03-09 20:41:08.542,7.9300,-3.7000,-0.8200,-16.3125,28.3750,-102.8125,67.5625,97.9375,0.0000,213.5000,
2025-03-09 20:41:08.559,8.3100,-3.3600,-0.7000,-14.9375,25.3750,-106.1250,68.6250,97.8750,0.0000,214.7500,
2025-03-09 20:41:08.570,8.5700,-3.2300,-0.6500,-12.6875,15.4375,-99.9375,69.6250,97.9375,0.0000,215.8750,
2025-03-09 20:41:08.570,8.6900,-3.1000,-0.5300,-8.8125,5.8125,-93.3750,70.5000,98.2500,0.0000,216.8750,
2025-03-09 20:41:08.580,9.2800,-2.7000,-0.3800,0.3750,-2.6250,-89.1250,71.3750,98.6875,0.0000,217.7500,
2025-03-09 20:41:08.590,9.3500,-2.6600,-0.4600,6.1250,-3.1250,-90.7500,72.1875,99.1250,0.0000,218.5625,
2025-03-09 20:41:08.600,9.2900,-2.6700,-0.3000,3.0000,2.0000,-95.0000,73.1250,99.5000,0.0000,219.4375,
2025-03-09 20:41:08.610,9.4500,-2.2400,-0.2700,-2.8125,9.6250,-96.8125,74.0625,99.7500,0.0000,220.4375,
2025-03-09 20:41:08.620,9.7600,-1.8800,-0.4000,-5.7500,18.7500,-98.1875,75.0625,99.7500,0.0000,221.5000,
2025-03-09 20:41:08.630,9.5100,-2.1900,-0.5300,-9.6875,27.0625,-100.0625,76.0625,99.4375,0.0000,222.6250,
2025-03-09 20:41:08.640,9.0700,-2.3700,-0.8600,-10.5625,31.5625,-98.4375,77.0000,98.9375,0.0000,223.7500,
2025-03-09 20:41:08.650,8.3300,-2.2300,-0.5600,-6.4375,28.3125,-93.7500,77.9375,98.3750,0.0000,224.8125,
2025-03-09 20:41:08.660,8.7600,-1.8800,-0.5600,2.0000,14.8125,-84.7500,78.8125,98.2500,0.0000,225.5000,
2025-03-09 20:41:08.670,9.0700,-1.6400,-0.3400,7.3750,1.5000,-78.8750,79.5625,98.6875,0.0000,226.1875,
2025-03-09 20:41:08.680,9.2700,-1.5200,-0.2900,8.3750,-6.5000,-77.2500,80.2500,99.6875,0.0000,226.8750,
2025-03-09 20:41:08.690,9.5600,-0.9300,0.0100,8.6875,-9.2500,-76.2500,81.0000,100.9375,0.0000,227.5000,
2025-03-09 20:41:08.701,9.6400,-0.8900,0.0000,10.0000,-8.5625,-74.8125,81.6875,102.3125,0.0000,228.1250,
2025-03-09 20:41:08.711,9.5900,-0.9200,0.0400,7.6875,-4.5000,-72.1875,82.3750,103.6875,0.0000,228.5000,
2025-03-09 20:41:08.721,10.4600,-0.2000,-0.4100,5.6875,2.1250,-66.3750,83.0000,104.6875,0.0000,229.0625,
2025-03-09 20:41:08.731,10.3300,-0.2700,-0.4800,3.3125,7.8125,-62.8750,83.5625,173.8125,0.0000,229.6250,
2025-03-09 20:41:08.741,9.9900,-0.5700,-0.4500,0.0000,11.6875,-72.0625,84.3125,174.5000,0.0000,230.3750,
2025-03-09 20:41:08.751,9.8300,-0.7900,-0.7700,1.5625,13.9375,-79.6875,85.0625,175.3125,0.0000,231.1250,
2025-03-09 20:41:08.761,9.3400,-1.2800,-0.9300,4.4375,12.2500,-80.0625,85.8125,176.0625,0.0000,231.8125,
2025-03-09 20:41:08.771,8.9600,-1.2600,-0.6700,8.3125,6.1875,-76.5000,86.5625,176.8125,0.0000,232.4375,
2025-03-09 20:41:08.782,8.8300,-0.9800,-0.3100,9.6875,-3.0000,-70.9375,87.1875,177.5000,0.0000,233.0625,
2025-03-09 20:41:08.792,9.4700,-0.2400,-0.3900,10.8125,-10.3750,-62.1250,87.6250,178.0625,0.0000,233.5625,
2025-03-09 20:41:08.802,9.0500,-0.3000,0.0000,5.7500,-13.5625,-63.8125,88.0000,178.6875,0.0000,234.0625,
2025-03-09 20:41:08.812,9.2700,-0.0100,-0.0200,-1.0000,-12.3125,-68.7500,88.2500,179.3750,0.0000,234.4375,
2025-03-09 20:41:08.822,9.4100,0.5800,0.0400,-4.0000,-8.6250,-62.2500,88.2500,-179.9375,0.0000,235.0625,
2025-03-09 20:41:08.832,9.6300,0.6100,-0.1300,-3.6875,-4.9375,-58.9375,88.1250,-179.3750,0.0000,235.6875,
2025-03-09 20:41:08.832,10.0500,0.6600,-0.3700,0.0000,-4.3125,-54.9375,87.8750,-178.8750,0.0000,236.1875,
2025-03-09 20:41:08.862,10.4600,0.7700,-0.5600,4.1875,-3.3750,-48.6250,87.5625,-178.3750,0.0000,236.6250,
2025-03-09 20:41:08.872,10.0100,0.4300,-0.3400,1.9375,0.1250,-47.9375,87.2500,-177.9375,0.0000,236.8125,
2025-03-09 20:41:08.872,9.8800,0.8000,-0.3800,0.1250,5.4375,-43.0625,86.9375,-177.5000,0.0000,237.1875,
2025-03-09 20:41:08.882,9.5400,0.8600,-0.3400,2.3750,11.3125,-37.3125,86.6875,-177.1250,0.0000,237.5625,
2025-03-09 20:41:08.892,9.5100,0.7800,-0.2300,11.6875,11.6875,-42.4375,86.3750,-176.7500,0.0000,237.8125,
2025-03-09 20:41:08.902,9.8500,1.3100,-0.4100,18.0625,10.3750,-46.5625,86.0000,-176.3125,0.0000,238.1250,
2025-03-09 20:41:08.912,9.6300,0.9000,-0.3800,19.4375,8.8125,-49.9375,85.5625,-175.8125,0.0000,238.1875,
2025-03-09 20:41:08.922,9.5300,0.3000,-0.4600,16.5625,7.6250,-58.8750,85.0625,-175.2500,0.0000,238.5625,
2025-03-09 20:41:08.932,9.7200,0.6700,-0.4900,10.1875,5.9375,-52.5000,84.5625,-174.7500,0.0000,239.0000,
2025-03-09 20:41:08.942,9.4600,1.2000,-0.1900,3.3750,7.3750,-43.1250,84.1875,-174.3125,0.0000,239.3750,
2025-03-09 20:41:08.952,9.3200,1.3400,-0.2200,1.1875,9.0625,-42.1875,83.8125,-173.9375,0.0000,239.7500,
2025-03-09 20:41:08.962,9.3100,1.4000,-0.1700,3.1875,8.2500,-43.3125,83.4375,-173.5000,0.0000,239.8125,
2025-03-09 20:41:08.972,9.3000,1.0800,-0.1300,7.0625,6.4375,-50.6250,82.9375,-98.3125,0.0000,240.1875,
2025-03-09 20:41:08.982,9.2100,1.1300,-0.0700,3.3125,3.3750,-54.3750,82.4375,-97.5000,0.0000,240.6875,
2025-03-09 20:41:08.993,9.4500,1.2600,-0.1500,-3.4375,2.9375,-48.5625,81.9375,-96.8125,0.0000,241.1875,
2025-03-09 20:41:09.002,9.5200,1.1900,-0.2000,-7.7500,4.8750,-42.3125,81.5625,-96.1250,0.0000,241.6875,
2025-03-09 20:41:09.012,9.9100,1.6500,-0.3600,-10.7500,6.7500,-35.3750,81.2500,-95.3125,0.0000,241.8125,
2025-03-09 20:41:09.023,9.6100,1.6600,-0.3000,-10.1250,0.7500,-31.7500,80.9375,-95.0000,0.0000,242.2500,
2025-03-09 20:41:09.033,9.4700,1.5300,-0.2400,-9.6250,-0.0625,-32.1875,80.6250,-94.7500,0.0000,242.6250,
2025-03-09 20:41:09.043,9.5400,1.7600,-0.1400,-10.3125,-1.6875,-27.3125,80.3125,-94.6250,0.0000,243.0000,
2025-03-09 20:41:09.053,9.6400,1.7500,-0.2400,-10.6250,-0.5000,-18.3125,80.1875,-94.4375,0.0000,243.3125,
2025-03-09 20:41:09.063,9.6100,1.4800,-0.2900,-11.0625,1.0000,-15.1875,80.1875,-94.4375,0.0000,243.3125,
2025-03-09 20:41:09.073,9.6500,1.3900,-0.3700,-14.0625,2.6250,-13.0625,79.8750,-93.8750,0.0000,243.4375,
2025-03-09 20:41:09.083,9.7000,1.7200,-0.4300,-14.0625,4.1875,-6.4375,79.8125,-93.5625,0.0000,243.6250,
2025-03-09 20:41:09.093,9.5500,1.8800,-0.2600,-12.5625,6.1875,-5.0625,79.8125,-93.1250,0.0000,243.7500,
2025-03-09 20:41:09.103,9.5900,2.0500,-0.1600,-12.0625,7.3750,-7.3125,79.7500,-92.6250,0.0000,243.9375,
2025-03-09 20:41:09.103,9.5100,2.1100,-0.0400,-16.0000,8.0000,-12.6250,79.7500,-92.6250,0.0000,243.9375,
2025-03-09 20:41:09.123,9.4900,1.9000,-0.2000,-16.0000,8.0000,-12.6250,79.5000,-91.4375,0.0000,244.3125,
2025-03-09 20:41:09.133,9.4500,1.8900,-0.2100,-14.9375,8.0000,-15.8125,79.3125,-90.8125,0.0000,244.5625,
2025-03-09 20:41:09.143,9.3000,1.8400,-0.1600,-14.6875,7.8125,-16.0000,79.1875,-90.3125,0.0000,244.8750,
2025-03-09 20:41:09.163,9.4100,1.7000,-0.1400,-14.8750,7.7500,-16.6875,79.1875,-90.3125,0.0000,244.8750,
2025-03-09 20:41:09.163,9.4100,1.7000,-0.1400,-12.3125,4.8125,-13.1875,79.0000,-89.8125,0.0000,245.1250,
2025-03-09 20:41:09.173,9.2700,1.6200,0.0000,-8.1250,2.5625,-9.1250,78.8750,-89.4375,0.0000,245.0625,
2025-03-09 20:41:09.183,9.2000,1.7400,0.1600,-8.1250,2.5625,-9.1250,78.8125,-89.2500,0.0000,245.2500,
2025-03-09 20:41:09.193,9.2200,1.9200,0.1400,-2.4375,-2.0625,-0.0625,78.7500,-89.0625,0.0000,245.3750,
2025-03-09 20:41:09.203,9.2500,1.9300,0.1200,-1.2500,-4.0625,1.1250,78.7500,-89.1250,0.0000,245.4375,
2025-03-09 20:41:09.203,9.2500,1.9300,0.1200,-0.1250,-5.1250,3.0000,78.7500,-89.3125,0.0000,245.4375,
2025-03-09 20:41:09.223,9.7100,2.1200,-0.1800,-0.3750,-5.1875,3.2500,78.7500,-89.5625,0.0000,245.2500,
2025-03-09 20:41:09.234,9.6300,1.9200,-0.2500,-1.8750,-3.8750,0.4375,78.8125,-89.8125,0.0000,245.2500,
2025-03-09 20:41:09.244,9.5500,1.9300,-0.2200,-3.9375,-2.3125,-1.4375,78.8125,-90.0000,0.0000,245.2500,
2025-03-09 20:41:09.244,9.4500,1.9200,-0.2200,-5.0625,-2.3750,-5.1875,78.8125,-90.0625,0.0000,245.3125,
2025-03-09 20:41:09.254,9.4500,1.9200,-0.2200,-4.7500,-3.1250,-1.8125,78.7500,-90.1250,0.0000,245.4375,
2025-03-09 20:41:09.272,9.4100,1.5300,-0.3600,-2.8750,-4.5625,2.8125,78.6875,-90.2500,0.0000,245.2500,
2025-03-09 20:41:09.274,9.3400,1.5500,-0.2300,-0.7500,-5.6875,5.2500,78.7500,-90.4375,0.0000,245.2500,
2025-03-09 20:41:09.284,9.2400,1.9200,-0.1000,1.5625,-5.5000,9.1250,78.8125,-90.6875,0.0000,245.1875,
2025-03-09 20:41:09.304,9.1900,1.9300,0.0100,6.6250,-6.0625,11.5625,78.8750,-91.0000,0.0000,245.1250,
2025-03-09 20:41:09.324,9.5700,2.3200,-0.1000,15.8125,-5.8125,12.6250,79.1250,-91.8125,0.0000,244.5000,
2025-03-09 20:41:09.334,9.6800,2.0200,-0.1300,12.5625,-5.2500,5.8750,79.2500,-92.3125,0.0000,244.2500,
2025-03-09 20:41:09.334,9.4900,1.7800,-0.1100,7.5000,-3.1250,2.5625,79.3125,-92.6875,0.0000,244.0625,
2025-03-09 20:41:09.364,9.4800,1.5700,-0.2700,3.2500,-4.6875,6.8750,79.3750,-93.1875,0.0000,243.9375,
2025-03-09 20:41:09.372,9.7100,1.7400,-0.2400,2.1875,-5.3750,13.2500,79.4375,-93.5000,0.0000,243.7500,
2025-03-09 20:41:09.384,9.6100,2.0200,-0.2000,-5.4375,1.0625,7.0625,79.6875,-93.9375,0.0000,243.5000,
2025-03-09 20:41:09.404,9.2800,1.5300,-0.1800,-7.5625,1.4375,3.2500,79.7500,-93.7500,0.0000,243.5000,
2025-03-09 20:41:09.414,9.0600,1.2700,-0.1000,0.0000,-2.5625,11.1250,79.8125,-93.7500,0.0000,243.4375,
2025-03-09 20:41:09.434,9.7200,2.0000,-0.2200,4.8750,-4.0000,23.8750,80.1250,-94.1875,0.0000,243.1250,
2025-03-09 20:41:09.454,9.7900,2.1700,-0.1900,0.7500,-2.3125,18.3125,80.5000,-94.8125,0.0000,242.6250,
2025-03-09 20:41:09.472,9.5100,1.7000,-0.2800,-4.1250,1.8125,9.4375,80.6250,-94.8750,0.0000,242.3125,
2025-03-09 20:41:09.485,9.5600,1.6700,-0.2900,-4.4375,-0.7500,11.1250,80.8125,-94.8125,0.0000,242.2500,
2025-03-09 20:41:09.505,9.6900,1.4500,-0.1800,-3.8750,-0.6250,11.3125,81.0000,-94.9375,0.0000,242.1250,
2025-03-09 20:41:09.514,9.6800,1.1700,-0.1200,-6.5000,6.8750,18.8750,81.1250,-94.8750,0.0000,241.8125,
2025-03-09 20:41:09.545,9.5000,1.1800,-0.4700,-8.7500,13.5625,26.5625,81.5625,-93.5625,0.0000,241.5000,
2025-03-09 20:41:09.565,9.3200,1.1300,-0.2600,-9.5000,10.0000,26.6250,82.1250,-92.0000,0.0000,241.1250,
2025-03-09 20:41:09.573,9.3100,1.1600,-0.1600,-5.8125,5.6875,33.4375,82.3750,-91.4375,0.0000,240.9375,
2025-03-09 20:41:09.594,9.8500,1.4100,0.0900,-5.4375,15.2500,34.1875,83.0625,-90.2500,0.0000,240.3750,
2025-03-09 20:41:09.605,9.9000,1.3200,-0.1000,-3.6875,16.4375,30.1875,83.6875,-6.2500,0.0000,239.7500,
2025-03-09 20:41:09.615,9.8000,1.3200,-0.0300,-0.5000,13.9375,21.4375,83.9375,-6.0000,0.0000,239.4375,
2025-03-09 20:41:09.635,9.5100,1.0800,0.0900,-1.0000,10.0000,25.8750,84.3125,-5.5625,0.0000,239.0000,
2025-03-09 20:41:09.655,9.3000,1.0300,0.1400,1.5625,8.5625,27.3750,84.8125,-5.0625,0.0000,238.5000,
2025-03-09 20:41:09.673,9.8500,1.1100,0.2100,-15.0625,14.3125,40.8125,85.1250,-4.7500,0.0000,238.1250,
2025-03-09 20:41:09.695,9.6100,2.0200,-0.3400,-1.3750,13.4375,2.8125,85.6875,-4.0000,0.0000,237.6250,
2025-03-09 20:41:09.729,9.6400,0.5800,1.1300,-9.9375,21.9375,-2.6875,85.5625,-4.0000,0.0000,237.7500,
2025-03-09 20:41:09.729,9.4700,0.6100,-0.0300,-3.5625,31.6250,2.0625,85.4375,-3.9375,0.0000,237.6875,
2025-03-09 20:41:09.756,8.9800,0.2400,0.5200,4.3750,29.0625,8.8750,85.1250,-3.9375,0.0000,237.6875,
2025-03-09 20:41:09.766,9.6800,0.0100,0.4400,6.0625,27.2500,22.6875,85.0625,-3.6250,0.0000,237.2500,
2025-03-09 20:41:09.774,9.4900,-0.1600,0.0600,-1.0000,31.3125,37.5625,85.0625,-3.3750,0.0000,236.9375,
2025-03-09 20:41:09.786,10.1500,0.4200,0.3700,-12.5625,40.7500,39.0625,85.0625,-2.5625,0.0000,236.2500,
2025-03-09 20:41:09.807,10.1500,0.1300,0.0500,-8.6250,42.7500,33.1250,84.6250,-1.8750,0.0000,235.7500,
2025-03-09 20:41:09.817,10.4600,0.5500,0.5200,-2.3125,49.9375,27.3750,84.3750,-1.5625,0.0000,235.3750,
2025-03-09 20:41:09.847,9.8700,1.1400,1.1000,-2.8750,71.3125,-4.1250,83.3750,-1.1875,0.0000,235.0000,
2025-03-09 20:41:09.857,8.6600,-0.1400,1.3100,1.1875,62.5000,3.0625,82.0625,-8.8750,0.0000,235.0000,
2025-03-09 20:41:09.878,9.1200,-0.4000,1.4000,9.8125,56.2500,41.5625,81.5625,-6.7500,0.0000,234.6875,
2025-03-09 20:41:09.888,9.8900,0.2000,1.3800,-6.2500,61.9375,29.1875,80.5625,-1.0625,0.0000,233.7500,
2025-03-09 20:41:09.908,9.2400,-0.1900,1.7500,-17.0000,67.9375,5.8125,79.2500,1.0000,0.0000,233.5625,
2025-03-09 20:41:09.918,9.0400,-0.2600,2.1300,-19.3750,72.3125,5.0000,78.6250,1.1250,0.0000,233.7500,
2025-03-09 20:41:09.938,8.9800,0.3900,3.9900,-18.8750,79.2500,7.5625,77.1250,1.8750,0.0000,233.9375,
2025-03-09 20:41:09.958,8.9500,0.5000,2.5800,-21.5625,124.0625,-1.6250,74.8750,2.0625,0.0000,234.2500,
2025-03-09 20:41:09.974,8.8500,0.4500,2.6900,-16.6875,121.7500,-5.9375,73.6875,1.8750,0.0000,234.4375,
2025-03-09 20:41:09.998,8.9800,-0.1400,2.8700,-21.8750,135.0000,-24.4375,71.1875,0.8125,0.0000,235.0625,
2025-03-09 20:41:10.008,8.2100,-0.1700,3.4000,-29.3750,156.4375,-25.8125,68.3125,0.0000,0.0000,236.0000,
2025-03-09 20:41:10.018,8.2300,0.2200,3.3700,-24.5000,159.1250,-22.3125,66.7500,-0.2500,0.0000,236.4375,
2025-03-09 20:41:10.043,8.1800,-0.1800,3.7800,-7.9375,135.4375,-26.4375,64.0000,-1.0625,0.0000,237.0625,
2025-03-09 20:41:10.059,8.4500,-0.4400,4.2900,-16.0625,117.4375,-8.0625,61.6875,-1.1875,0.0000,237.4375,
2025-03-09 20:41:10.074,8.4400,-0.4400,4.5300,-16.3750,119.3125,1.9375,60.5000,-0.9375,0.0000,237.6250,
2025-03-09 20:41:10.089,8.0200,0.4300,4.5800,-2.0000,110.4375,7.3750,58.3125,-0.5000,0.0000,237.5000,
2025-03-09 20:41:10.109,7.6300,0.5200,5.5800,2.5625,98.5625,-3.4375,56.3750,-0.5625,0.0000,237.5000,
2025-03-09 20:41:10.119,8.1500,0.2800,5.7700,1.0000,112.8750,-9.5625,55.3125,-0.6875,0.0000,237.6250,
2025-03-09 20:41:10.149,7.9000,0.3400,5.0500,-1.6875,120.4375,-16.2500,52.8750,-1.0000,0.0000,237.9375,
2025-03-09 20:41:10.149,7.5400,0.3400,5.7100,1.6875,99.6875,-20.0000,51.9375,-1.2500,0.0000,238.0625,
2025-03-09 20:41:10.169,7.1800,0.1200,6.1800,7.3125,89.6875,-28.3750,50.1250,-2.0000,0.0000,238.5625,
2025-03-09 20:41:10.199,6.9900,-0.4500,6.7400,4.7500,109.8750,-14.7500,48.1875,-2.4375,0.0000,238.8125,
2025-03-09 20:41:10.209,6.7800,0.1100,5.7700,4.1250,128.6250,4.3750,45.6875,-2.3750,0.0000,238.6875,
2025-03-09 20:41:10.219,5.7000,-0.0200,6.5100,2.5625,110.6875,3.7500,44.5625,-2.3125,0.0000,238.6250,
2025-03-09 20:41:10.239,5.6100,0.0000,7.3600,3.9375,108.9375,11.0625,42.5625,-2.1875,0.0000,238.4375,
2025-03-09 20:41:10.249,5.7000,0.3000,7.5200,-2.3125,122.3125,24.0000,41.3750,-1.8750,0.0000,238.1875,
2025-03-09 20:41:10.269,5.8300,0.7300,6.5100,-3.1250,120.8125,25.5625,39.0000,-1.3125,0.0000,237.6250,
2025-03-09 20:41:10.290,5.8400,0.3500,8.0400,-6.3125,78.9375,-0.6875,37.2500,-1.1250,0.0000,237.5625,
2025-03-09 20:41:10.300,6.0200,-0.0400,8.1600,-2.3125,85.7500,-1.2500,36.4375,-1.0625,0.0000,237.5625,
2025-03-09 20:41:10.310,5.7900,-0.1700,7.7200,6.5625,101.8750,-1.0000,35.4375,-1.1250,0.0000,237.5625,
2025-03-09 20:41:10.320,5.1700,-0.5600,7.6400,14.7500,113.7500,-2.9375,34.3750,-1.3125,0.0000,237.5000,
2025-03-09 20:41:10.333,3.8500,-0.5200,7.1700,16.3125,124.5000,-4.0625,33.1250,-1.4375,0.0000,237.5000,
2025-03-09 20:41:10.360,3.8300,0.3800,7.5700,-4.3125,92.3750,13.3750,31.0625,-1.3125,0.0000,237.3125,
2025-03-09 20:41:10.360,4.3700,0.3700,8.6100,-10.3750,71.6250,16.7500,30.3750,-1.1250,0.0000,237.1875,
2025-03-09 20:41:10.370,4.9100,0.3000,8.8500,-12.8125,78.5000,15.3125,29.6250,-0.9375,0.0000,237.0625,
2025-03-09 20:41:10.380,4.8300,0.1600,8.6600,-14.4375,92.8750,12.6250,28.7500,-0.6875,0.0000,236.9375,
2025-03-09 20:41:10.410,4.6200,0.0600,8.6700,-19.5000,103.6875,11.1250,27.7500,-0.4375,0.0000,236.8750,
2025-03-09 20:41:10.410,4.3200,-0.0900,8.2600,-15.0625,106.2500,8.6875,26.6875,-0.2500,0.0000,236.8750,
2025-03-09 20:41:10.410,3.9700,-0.3900,8.4900,-13.7500,96.9375,2.8750,25.7500,-0.1250,0.0000,236.8750,
2025-03-09 20:41:10.420,3.8500,-0.6400,8.5900,-12.5625,92.3750,3.0625,24.8750,0.0000,0.0000,236.8750,
2025-03-09 20:41:10.430,3.6800,-0.8000,8.4700,-6.5625,97.6250,8.3125,23.9375,0.0625,0.0000,236.7500,
2025-03-09 20:41:10.440,3.1800,-0.8600,8.4800,-2.8750,109.9375,17.2500,22.8750,0.1875,0.0000,236.6250,
2025-03-09 20:41:10.450,3.3900,-0.4300,8.7100,-6.1875,117.3750,32.5000,21.6875,0.3750,0.0000,236.3125,
2025-03-09 20:41:10.460,3.4200,-0.1100,8.9300,-9.9375,115.3750,39.9375,20.5625,0.6250,0.0000,235.9375,
2025-03-09 20:41:10.476,3.5000,-0.1200,9.0800,-7.8125,114.7500,35.6250,19.5000,0.8125,0.0000,235.6250,
2025-03-09 20:41:10.480,3.1400,-0.4100,8.9500,-8.1250,116.8750,27.6875,18.3125,0.9375,0.0000,235.3750,
2025-03-09 20:41:10.490,2.8400,-0.7900,9.0200,-9.5000,115.9375,21.0000,17.1875,1.1250,0.0000,235.1875,
2025-03-09 20:41:10.500,2.6200,-0.9700,9.1400,-7.3125,118.7500,22.5625,16.0625,1.2500,0.0000,235.0000,
2025-03-09 20:41:10.510,2.2500,-0.5900,8.5200,-3.3125,124.6875,30.9375,14.8750,1.3750,0.0000,234.7500,
2025-03-09 20:41:10.520,1.7200,-0.0900,8.2700,-1.4375,125.5625,36.3125,13.6250,1.4375,0.0000,234.3750,
2025-03-09 20:41:10.530,0.9700,0.2700,8.3600,-0.9375,110.6250,34.4375,12.5625,1.5000,0.0000,234.0625,
2025-03-09 20:41:10.540,0.7400,0.3400,8.5500,0.0625,89.2500,33.8125,11.6875,1.5625,0.0000,233.7500,
2025-03-09 20:41:10.551,1.4700,0.2000,9.9600,-6.5000,74.2500,31.3750,10.9375,1.6875,0.0000,233.5000,
2025-03-09 20:41:10.560,1.7600,0.0200,10.0400,-1.3750,79.1250,22.1875,10.1875,1.7500,0.0000,233.2500,
2025-03-09 20:41:10.576,1.8100,-0.2600,9.8700,14.0000,94.3750,11.4375,9.2500,1.6250,0.0000,233.1875,
2025-03-09 20:41:10.581,1.7600,-0.0100,9.4000,26.8750,105.3750,2.6875,8.2500,1.3750,0.0000,233.1250,
2025-03-09 20:41:10.591,1.2900,0.0300,9.0000,40.0625,108.7500,-10.4375,7.1875,0.9375,0.0000,233.1875,
2025-03-09 20:41:10.601,0.7900,-0.2100,8.8500,47.3125,97.6875,-24.6250,6.2500,0.5000,0.0000,233.4375,
2025-03-09 20:41:10.611,0.2400,-0.6200,8.8100,47.8750,83.0625,-28.1875,5.4375,0.0000,0.0000,233.6875,
2025-03-09 20:41:10.621,-0.2800,-0.1600,8.6600,38.0625,73.5000,-18.5000,4.7500,-0.3125,0.0000,233.8125,
2025-03-09 20:41:10.631,-0.0900,0.1200,9.0500,27.3125,59.6250,-3.8125,4.1250,-0.6250,0.0000,233.8750,
2025-03-09 20:41:10.642,0.0000,0.5800,9.5100,21.0625,49.1250,3.8750,3.6875,-0.8125,0.0000,233.8125,
2025-03-09 20:41:10.661,0.1000,1.1200,9.7800,15.3750,46.2500,0.6875,3.2500,-0.9375,0.0000,233.8125,
2025-03-09 20:41:10.661,0.1700,0.8400,9.8900,17.3125,45.7500,-12.7500,2.7500,-1.1250,0.0000,233.9375,
2025-03-09 20:41:10.671,0.2500,0.1500,10.1100,21.5625,45.2500,-28.8750,2.3125,-1.3750,0.0000,234.1875,
2025-03-09 20:41:10.682,0.2400,-0.0400,9.6400,27.1250,53.0000,-35.1875,1.8125,-1.6250,0.0000,234.5000,
2025-03-09 20:41:10.691,-0.1100,-0.0500,9.2100,29.9375,57.2500,-37.1875,1.2500,-1.9375,0.0000,234.8750,
2025-03-09 20:41:10.701,-0.3900,-0.0400,9.0800,28.5625,54.0000,-36.1875,0.6875,-2.1875,0.0000,235.1875,
2025-03-09 20:41:10.712,-0.5700,0.1500,8.9500,22.0625,48.8125,-30.3750,0.2500,-2.4375,0.0000,235.5000,
2025-03-09 20:41:10.722,-1.3200,0.3800,8.6000,15.7500,40.6250,-23.3125,-0.1250,-2.5625,0.0000,235.6875,
2025-03-09 20:41:10.732,-1.1600,0.5300,8.8900,6.5625,27.3750,-17.1875,-0.3750,-2.6250,0.0000,235.8750,
2025-03-09 20:41:10.742,-1.0500,0.5600,8.9700,-0.8125,15.1875,-10.8125,-0.5625,-2.6250,0.0000,235.9375,
2025-03-09 20:41:10.762,-0.7500,0.5700,9.3600,-5.0625,7.5625,-10.3750,-0.6250,-2.5625,0.0000,236.0625,
2025-03-09 20:41:10.762,0.1900,0.2300,10.2900,-7.7500,3.3125,-9.8125,-0.6250,-2.5000,0.0000,236.1875,
2025-03-09 20:41:10.772,0.1100,0.0800,9.6600,-2.5625,13.7500,-11.3125,-0.8125,-2.5000,0.0000,236.8750,
2025-03-09 20:41:10.782,-0.1000,-0.3100,9.5400,1.1875,24.3125,-16.3750,-1.0625,-2.5000,0.0000,237.0625,
2025-03-09 20:41:10.792,-0.3100,-0.3300,9.4700,0.0000,26.8125,-12.9375,-1.3125,-2.5000,0.0000,237.1875,
2025-03-09 20:41:10.802,-0.6500,0.1200,9.4600,-2.8750,32.0000,-3.8125,-1.6250,-2.4375,0.0000,237.1875,
2025-03-09 20:41:10.802,-0.6700,0.5000,9.7100,-9.4375,33.3750,5.1875,-1.9375,-2.3750,0.0000,237.1250,
2025-03-09 20:41:10.822,-0.6800,0.7600,9.6100,-12.5625,30.7500,7.7500,-2.2500,-2.2500,0.0000,237.6875,
2025-03-09 20:41:10.832,-1.1300,0.6700,9.2600,-9.9375,28.9375,1.6250,-2.5000,-2.1250,0.0000,237.6875,
2025-03-09 20:41:10.842,-1.1900,0.5000,9.2700,-6.8125,21.0625,-3.9375,-2.6875,-2.0625,0.0000,237.6875,
2025-03-09 20:41:10.842,-1.0900,0.4600,9.3700,-3.6875,14.0625,-6.6875,-2.8750,-2.0625,0.0000,237.7500,
2025-03-09 20:41:10.862,-0.5600,0.2100,9.8400,-2.5625,7.7500,-7.0625,-2.9375,-2.0000,0.0000,237.8125,
2025-03-09 20:41:10.862,-0.3900,0.0400,9.8700,-1.2500,9.3125,-5.8750,-3.0000,-2.0000,0.0000,237.8750,
2025-03-09 20:41:10.882,-0.2600,0.0000,9.7800,-0.7500,12.3750,-2.4375,-3.1250,-2.0000,0.0000,237.9375,
2025-03-09 20:41:10.882,-0.5400,-0.0100,9.6400,0.5625,12.8125,0.6875,-3.2500,-2.0000,0.0000,237.8750,
2025-03-09 20:41:10.893,-1.1300,0.3700,9.1900,0.0625,15.1250,2.1875,-3.4375,-2.0000,0.0000,237.8750,
2025-03-09 20:41:10.903,-1.3000,0.3300,9.0700,-1.9375,12.3125,4.3125,-3.5000,-2.0000,0.0000,237.8125,
2025-03-09 20:41:10.913,-1.3600,0.3600,9.0500,-4.1875,6.3750,3.7500,-3.5625,-1.9375,0.0000,237.8125,
2025-03-09 20:41:10.923,-1.3700,0.4700,9.1600,-7.5625,-1.3125,3.5000,-3.5625,-1.8750,0.0000,237.7500,
2025-03-09 20:41:10.953,-1.2100,0.4300,9.3200,-9.7500,-6.7500,2.7500,-3.5000,-1.7500,0.0000,237.7500,
2025-03-09 20:41:10.973,-1.0700,0.4500,9.5100,-9.4375,-9.0000,1.6250,-3.4375,-1.6875,0.0000,237.6875,
2025-03-09 20:41:10.973,-0.7300,0.3500,9.8900,-8.9375,-10.7500,-0.8125,-3.3125,-1.5625,0.0000,237.7500,
2025-03-09 20:41:10.973,-0.8100,0.0000,9.7200,-5.8125,-7.8125,-4.0000,-3.2500,-1.5625,0.0000,237.7500,
2025-03-09 20:41:10.983,-0.8800,-0.1800,9.4100,-2.8750,-1.5625,-7.3125,-3.2500,-1.5000,0.0000,237.8125,
2025-03-09 20:41:10.983,-1.0100,-0.2500,8.9600,-2.4375,3.9375,-5.4375,-3.2500,-1.5000,0.0000,237.8750,
2025-03-09 20:41:11.013,-1.1600,-0.3300,8.8200,-4.1250,3.0625,-1.4375,-3.3125,-1.4375,0.0000,237.8750,
2025-03-09 20:41:11.013,-0.8300,-0.1100,9.2500,-7.3750,-3.4375,4.8125,-3.2500,-1.3750,0.0000,237.8750,
2025-03-09 20:41:11.023,-0.7700,0.0000,9.2700,-8.8750,-6.0000,8.6250,-3.1875,-1.3125,0.0000,238.3125,
2025-03-09 20:41:11.042,-0.8500,-0.1300,9.2300,-7.6250,-7.5000,7.7500,-3.1250,-1.1875,0.0000,238.2500,
2025-03-09 20:41:11.043,-0.6600,0.0100,9.3000,-8.9375,-9.4375,7.5625,-3.0625,-1.1250,0.0000,238.1250,
2025-03-09 20:41:11.048,-0.6900,0.1800,9.5500,-10.6875,-10.8125,10.5625,-2.9375,-1.0625,0.0000,238.0625,
2025-03-09 20:41:11.063,-0.3600,0.1700,9.9900,-10.5625,-12.8750,9.9375,-2.8125,-0.9375,0.0000,237.9375,
2025-03-09 20:41:11.063,-0.1700,0.2200,10.2400,-7.0625,-11.0625,6.6875,-2.6875,-0.8750,0.0000,238.3125,
2025-03-09 20:41:11.078,-0.4800,0.1000,9.6700,-2.0000,-1.8125,0.6250,-2.6875,-0.8750,0.0000,238.3125,
2025-03-09 20:41:11.083,-0.7000,-0.0600,9.4000,3.1875,2.8125,-4.4375,-2.6875,-0.8750,0.0000,238.3125,
2025-03-09 20:41:11.094,-0.8600,-0.2300,9.2200,4.1250,3.6250,-5.3750,-2.7500,-0.9375,0.0000,238.3750,
2025-03-09 20:41:11.103,-0.7100,-0.1000,9.5200,-1.1875,1.3750,0.1250,-2.7500,-0.8750,0.0000,238.3750,
2025-03-09 20:41:11.113,-0.6500,0.0300,9.6000,-4.4375,-1.6250,5.8750,-2.7500,-0.8750,0.0000,238.3750,
2025-03-09 20:41:11.123,-0.7500,0.0400,9.4400,-3.8750,-1.6250,8.2500,-2.7500,-0.8125,0.0000,238.5625,
2025-03-09 20:41:11.133,-0.8600,0.0900,9.3600,-2.8125,-1.3750,6.4375,-2.6875,-0.8125,0.0000,238.5000,
2025-03-09 20:41:11.143,-0.8400,0.0300,9.5500,-2.8750,-2.4375,4.1250,-2.6875,-0.7500,0.0000,238.4375,
2025-03-09 20:41:11.153,-0.7700,0.0100,9.6800,-3.1250,-3.8125,2.8750,-2.6875,-0.7500,0.0000,238.4375,
2025-03-09 20:41:11.163,-0.7100,0.0900,9.7400,-4.7500,-2.6250,3.4375,-2.6875,-0.7500,0.0000,238.4375,
2025-03-09 20:41:11.184,-0.6400,0.1400,9.7300,-4.4375,-0.6875,3.0625,-2.6875,-0.6250,0.0000,238.5625,
2025-03-09 20:41:11.194,-0.8500,0.1100,9.5100,-2.0000,0.0625,0.2500,-2.6875,-0.6250,0.0000,238.5625,
2025-03-09 20:41:11.194,-0.9700,0.1200,9.4700,0.0625,-1.0625,-2.7500,-2.6875,-0.6250,0.0000,238.5625,
2025-03-09 20:41:11.214,-1.0900,0.1900,9.4400,0.2500,-3.6875,-3.6875,-2.6875,-0.6250,0.0000,238.6250,
2025-03-09 20:41:11.214,-1.1600,0.1500,9.2100,-2.0625,-6.6250,-3.4375,-2.6875,-0.6250,0.0000,238.6250,
2025-03-09 20:41:11.225,-1.0500,-0.0500,9.2400,-6.5000,-11.0000,-2.3125,-2.6250,-0.6250,0.0000,238.9375,
2025-03-09 20:41:11.235,-0.7500,-0.1000,9.3800,-13.8125,-16.0000,-0.1875,-2.5000,-0.5625,0.0000,239.0000,
2025-03-09 20:41:11.263,-0.4800,-0.1600,9.3900,-17.5625,-18.9375,1.5625,-2.3750,-0.3750,0.0000,238.9375,
2025-03-09 20:41:11.263,-0.3500,-0.4300,9.4800,-17.4375,-19.1250,0.1875,-2.1875,-0.2500,0.0000,238.9375,
2025-03-09 20:41:11.265,-0.2800,-0.3700,9.5100,-15.4375,-19.2500,0.7500,-2.0000,-0.0625,0.0000,238.9375,
2025-03-09 20:41:11.278,-0.2500,-0.3600,9.6100,-12.8125,-19.6875,2.4375,-1.8125,0.0000,0.0000,239.1875,
2025-03-09 20:41:11.295,-0.3600,-0.2000,9.4800,-11.6875,-18.6250,3.3125,-1.6250,0.1250,0.0000,239.1875,
2025-03-09 20:41:11.295,-0.4300,-0.2800,9.2700,-10.1875,-17.0625,2.6250,-1.4375,0.2500,0.0000,239.1250,
2025-03-09 20:41:11.305,-0.5000,-0.4500,9.0800,-9.4375,-18.4375,1.5625,-1.2500,0.3750,0.0000,239.1250,
2025-03-09 20:41:11.315,-0.5000,-0.4500,9.0800,-11.0000,-22.1250,2.3750,-1.1250,0.4375,0.0000,239.0625,
2025-03-09 20:41:11.325,-0.3000,-0.3400,8.9800,-12.1875,-28.0625,5.0625,-0.8750,0.5625,0.0000,239.2500,
2025-03-09 20:41:11.335,-0.3300,-0.3500,8.8800,-12.1250,-35.0000,7.8125,-0.6250,0.6875,0.0000,239.1875,
2025-03-09 20:41:11.345,-0.3300,-0.5500,9.0200,-11.4375,-44.8125,10.1875,-0.2500,0.8125,0.0000,239.1250,
2025-03-09 20:41:11.355,-0.0200,-0.1300,9.2500,-12.0000,-53.6250,15.1250,0.0625,0.8750,0.0000,239.0000,
2025-03-09 20:41:11.379,0.1600,-0.0800,9.3100,-13.3750,-67.3125,16.5000,1.1875,1.1250,0.0000,238.6875,
2025-03-09 20:41:11.396,0.1100,-0.0200,9.3700,-13.5625,-75.4375,10.8125,1.8125,1.3125,0.0000,238.5625,
2025-03-09 20:41:11.406,0.8900,-0.4500,8.9700,4.1875,-83.4375,-6.7500,3.3125,1.5000,0.0000,238.3750,
2025-03-09 20:41:11.426,0.5400,-1.0700,8.9600,18.6250,-94.5000,-30.1250,5.0625,1.3125,0.0000,238.7500,
2025-03-09 20:41:11.446,0.4000,-1.1800,8.0400,18.5000,-90.3125,-7.3750,6.8750,0.8750,0.0000,239.1875,
2025-03-09 20:41:11.466,0.4400,-1.4400,7.7000,6.0000,-110.3750,24.1250,8.6250,0.5625,0.0000,239.1875,
2025-03-09 20:41:11.487,1.8100,-0.6600,8.5500,-15.7500,-132.1875,48.8750,9.7500,0.5000,0.0000,238.9375,
2025-03-09 20:41:11.497,2.4000,-0.2700,9.1100,-33.6875,-160.1875,78.1875,12.4375,1.1875,0.0000,237.8125,
2025-03-09 20:41:11.517,3.0300,0.5100,9.6500,-39.8125,-165.7500,81.2500,15.5625,2.3125,0.0000,236.3125,
2025-03-09 20:41:11.527,3.3400,0.5500,9.7100,-22.9375,-165.0000,44.1875,17.1875,2.8750,0.0000,235.6875,
2025-03-09 20:41:11.547,3.1500,-1.0600,8.3800,-8.5000,-148.9375,22.2500,20.2500,3.5000,0.0000,235.0000,
2025-03-09 20:41:11.567,3.5000,-1.1400,8.1400,-12.3125,-142.2500,16.1875,23.0625,3.9375,0.0000,234.5625,
2025-03-09 20:41:11.579,3.9500,-1.5200,8.5600,-7.1875,-140.7500,44.4375,24.3750,4.1250,0.0000,234.3125,
2025-03-09 20:41:11.597,4.1900,-0.5000,8.2000,-3.2500,-122.3750,46.0000,26.9375,4.8125,0.0000,233.3125,
2025-03-09 20:41:11.617,4.4400,-0.0600,7.7200,5.3125,-124.0625,30.8125,29.2500,5.3125,0.0000,232.4375,
2025-03-09 20:41:11.627,4.4400,-0.0800,7.7200,17.9375,-133.8750,-7.9375,30.5000,5.3125,0.0000,232.2500,
2025-03-09 20:41:11.647,5.6300,-0.1700,8.0100,22.3750,-108.6875,-41.7500,32.9375,4.8125,0.0000,232.5625,
2025-03-09 20:41:11.667,5.3700,-2.7700,7.3300,7.3750,-105.2500,-8.0625,35.0625,4.3125,0.0000,232.8750,
2025-03-09 20:41:11.680,5.5100,-2.3200,7.2400,-2.0000,-86.6875,35.4375,35.9375,4.5625,0.0000,232.6250,
2025-03-09 20:41:11.697,5.7700,-0.2700,6.7400,9.7500,-100.7500,10.1250,37.6250,5.1250,0.0000,231.9375,
2025-03-09 20:41:11.717,5.6100,-0.2200,7.0300,17.1875,-103.8125,-0.6250,39.5625,5.0625,0.0000,231.6875,
2025-03-09 20:41:11.727,6.5600,-0.5300,7.3500,22.9375,-94.8750,-9.0625,40.5625,4.8750,0.0000,231.6250,
2025-03-09 20:41:11.758,6.9200,0.0200,7.3300,26.2500,-77.4375,-19.6875,42.3125,4.3750,0.0000,231.6250,
2025-03-09 20:41:11.770,6.8500,0.0200,6.8800,27.3125,-69.8125,-30.4375,43.8125,3.5000,0.0000,231.8750,
2025-03-09 20:41:11.781,6.3800,-0.1700,6.5500,34.6875,-68.0000,-39.6875,44.4375,2.8125,0.0000,232.0625,
2025-03-09 20:41:11.802,5.8600,-0.5100,5.8600,21.1250,-74.2500,-42.0625,45.8125,1.5000,0.0000,232.5000,
2025-03-09 20:41:11.819,8.1800,-0.2700,6.3700,24.3750,-74.7500,-38.3750,47.3125,0.2500,0.0000,233.1250,
2025-03-09 20:41:11.829,7.7700,-0.6000,6.2200,25.1250,-78.3125,-13.3125,48.0625,-0.1875,0.0000,233.1875,
2025-03-09 20:41:11.860,7.7300,-0.3100,5.9900,27.5000,-74.1250,6.8750,49.5625,-0.9375,0.0000,233.1250,
2025-03-09 20:41:11.870,7.1700,0.0700,5.8200,22.8125,-70.8750,17.0625,51.0000,-1.1250,0.0000,232.6875,
2025-03-09 20:41:11.880,6.7800,0.6000,5.5100,19.2500,-73.0000,7.0000,51.6250,-1.1250,0.0000,232.4375,
2025-03-09 20:41:11.900,6.2300,1.0200,5.4000,17.0625,-88.2500,-20.7500,53.1250,-1.5625,0.0000,232.3125,
2025-03-09 20:41:11.920,8.1900,0.4600,5.5300,16.8125,-89.7500,-25.8125,54.8125,-2.6250,0.0000,232.6250,
2025-03-09 20:41:11.930,8.6700,0.5100,5.5100,22.1875,-78.7500,-29.6250,55.6250,-3.2500,0.0000,232.8125,
2025-03-09 20:41:11.950,8.9200,0.0000,4.9700,22.1250,-71.5000,-26.4375,57.0625,-4.6250,0.0000,233.1250,
2025-03-09 20:41:11.970,8.1600,0.1200,4.3300,21.6250,-63.8750,-20.2500,58.2500,-5.8750,0.0000,233.3750,
2025-03-09 20:41:11.980,7.0300,-0.1700,3.8500,24.3750,-80.2500,-9.2500,58.9375,-6.4375,0.0000,233.4375,
2025-03-09 20:41:12.000,6.7500,0.0600,3.3800,20.3125,-103.7500,-19.1250,60.5625,-7.6250,0.0000,233.4375,
2025-03-09 20:41:12.020,9.3000,0.6400,4.2400,22.6250,-110.3125,-22.5000,62.5625,-9.3125,0.0000,233.6875,
2025-03-09 20:41:12.030,10.2100,0.6700,4.4700,23.5000,-106.0000,-22.3125,63.5000,-10.3125,0.0000,233.8125,
2025-03-09 20:41:12.050,9.9800,0.8300,3.9900,20.2500,-79.1875,-5.6875,65.1250,-11.8750,0.0000,233.8750,
2025-03-09 20:41:12.070,8.5800,1.0400,3.4500,10.0625,-70.1250,12.6875,66.5000,-12.3125,0.0000,233.6250,
2025-03-09 20:41:12.081,8.4800,0.7700,3.2800,10.4375,-75.1250,12.9375,67.2500,-12.5000,0.0000,233.5000,
2025-03-09 20:41:12.091,8.2100,0.7800,3.3900,6.0000,-81.2500,13.1250,68.0625,-12.6875,0.0000,233.3750,
2025-03-09 20:41:12.111,7.7900,1.3900,3.0400,-0.3750,-85.1875,6.8125,69.6875,-13.1250,0.0000,233.2500,
2025-03-09 20:41:12.131,8.9300,1.2200,3.0500,0.3125,-102.3750,-5.6250,71.5000,-14.6875,0.0000,233.3125,
2025-03-09 20:41:12.161,11.3100,0.9800,3.0700,0.7500,-93.0625,-9.0000,73.2500,-16.6875,0.0000,233.5000,
2025-03-09 20:41:12.171,9.9100,1.0000,2.5600,0.0625,-62.8750,-20.3750,74.4375,-19.3125,0.0000,234.0000,
2025-03-09 20:41:12.181,9.1200,0.8900,2.1300,-0.1250,-56.4375,-21.5625,74.8750,-20.7500,0.0000,233.8750,
2025-03-09 20:41:12.201,8.8800,0.6300,1.5100,-10.3750,-70.3750,0.8125,76.0625,-22.8750,0.0000,234.1875,
2025-03-09 20:41:12.221,9.7400,0.5600,1.3700,-7.6875,-75.0000,2.7500,77.3750,-24.8125,0.0000,234.3750,
2025-03-09 20:41:12.231,9.6100,0.5800,1.5900,-7.8750,-73.0000,4.9375,78.0625,-25.9375,0.0000,234.1875,
2025-03-09 20:41:12.251,9.3900,0.7200,1.3600,-7.1875,-66.0000,11.6250,79.3125,-27.8750,0.0000,234.1875,
2025-03-09 20:41:12.261,9.7200,0.9200,1.3100,-7.3125,-61.6250,9.7500,79.8750,-28.8750,0.0000,234.1875,
2025-03-09 20:41:12.282,9.9300,0.9400,1.1500,-10.3750,-49.1875,-0.0625,80.8125,-31.3750,0.0000,234.3750,
2025-03-09 20:41:12.301,9.1400,0.7200,0.6200,-3.0625,-37.4375,-12.1875,81.3125,-34.9375,0.0000,234.6875,
2025-03-09 20:41:12.321,8.7700,0.3200,0.3700,0.3750,-37.5000,-13.1875,81.7500,-39.3750,0.0000,235.0625,
2025-03-09 20:41:12.331,9.0100,0.6200,0.6300,-1.8125,-42.3750,-3.5000,82.0000,-41.4375,0.0000,235.1250,
2025-03-09 20:41:12.351,9.6100,0.8100,0.5600,-1.6875,-45.4375,11.0000,82.7500,-45.0000,0.0000,235.0625,
2025-03-09 20:41:12.361,10.0200,1.0500,0.8700,-2.8750,-43.3125,15.0000,83.1875,-4.9375,0.0000,235.0000,
2025-03-09 20:41:12.381,10.0000,1.1700,0.8200,-5.9375,-29.4375,4.0625,83.6875,-4.7500,0.0000,234.6250,
2025-03-09 20:41:12.391,9.9300,1.1200,0.6900,-5.9375,-21.8750,-2.0625,83.8125,-4.7500,0.0000,234.6875,
2025-03-09 20:41:12.402,9.5700,0.7700,0.2200,-6.1875,-16.2500,-6.7500,83.8750,-4.8125,0.0000,234.8125,
2025-03-09 20:41:12.411,9.4500,0.6100,0.0500,-7.1250,-13.8125,-7.5625,83.8750,-4.8750,0.0000,235.0000,
2025-03-09 20:41:12.431,9.4300,0.6000,0.1100,-7.0000,-14.5625,-2.9375,84.0000,-5.0000,0.0000,234.8125,
2025-03-09 20:41:12.442,9.4200,0.5700,0.0100,-5.6250,-14.5000,0.3750,84.0625,-4.9375,0.0000,234.8750,
2025-03-09 20:41:12.462,9.3900,0.6900,0.1700,-6.3125,-14.8750,3.1250,84.1250,-4.9375,0.0000,234.9375,
2025-03-09 20:41:12.462,9.5400,0.7600,0.1400,-5.6250,-14.2500,3.9375,84.2500,-4.8750,0.0000,234.9375,
2025-03-09 20:41:12.462,9.5200,0.8700,0.3100,-5.5000,-13.3125,1.7500,84.3750,-4.8750,0.0000,235.0000,
2025-03-09 20:41:12.482,9.7300,0.8300,0.2300,-4.6875,-12.6875,0.5625,84.4375,-4.8750,0.0000,235.0625,
2025-03-09 20:41:12.492,9.6200,0.6600,0.1600,-4.6875,-9.5625,-1.1250,84.4375,-4.8750,0.0000,235.1250,
2025-03-09 20:41:12.502,9.6100,0.6900,0.0600,-6.6875,-7.3125,0.3750,84.5000,-4.8750,0.0000,235.1875,
2025-03-09 20:41:12.512,9.1800,0.7200,-0.0600,-6.3125,-5.4375,-0.7500,84.5625,-4.8750,0.0000,235.2500,
2025-03-09 20:41:12.522,9.1000,0.5900,-0.1500,-3.3125,-5.3750,-4.8125,84.5000,-4.9375,0.0000,235.3125,
2025-03-09 20:41:12.532,9.1000,0.5400,-0.1800,-2.4375,-7.3750,-5.6875,84.5000,-4.9375,0.0000,235.3750,
2025-03-09 20:41:12.542,9.2300,0.5400,-0.1700,-1.8125,-9.7500,-3.9375,84.5000,-5.0000,0.0000,235.4375,
2025-03-09 20:41:12.552,9.8500,0.3800,-0.2400,-2.1250,-13.3125,1.2500,84.5625,-5.0000,0.0000,235.5000,
2025-03-09 20:41:12.562,9.8300,0.6100,-0.1700,-4.0000,-12.8125,5.6875,84.6250,-4.9375,0.0000,235.5000,
2025-03-09 20:41:12.572,9.8400,0.7500,-0.0800,-4.1875,-11.8750,7.6875,84.7500,-4.8750,0.0000,235.4375,
2025-03-09 20:41:12.582,9.9100,0.8900,-0.0300,-2.0625,-11.1250,8.2500,84.8750,-4.7500,0.0000,235.1250,
2025-03-09 20:41:12.592,9.8800,1.0800,0.0800,0.3750,-8.3125,5.3750,84.9375,-4.7500,0.0000,235.0625,
2025-03-09 20:41:12.602,9.6800,0.9200,0.0100,2.4375,-5.7500,0.0000,84.9375,-4.7500,0.0000,235.0625,
2025-03-09 20:41:12.612,9.6000,0.8400,0.0000,1.8125,-4.4375,-1.6875,84.9375,-4.7500,0.0000,235.0625,
2025-03-09 20:41:12.612,9.3600,0.8000,-0.1700,-0.4375,-3.6875,-0.1875,85.0000,-4.7500,0.0000,235.0625,
2025-03-09 20:41:12.632,9.3800,0.8000,-0.1700,-3.0000,-5.6875,2.5625,85.0000,-4.6875,0.0000,234.6250,
2025-03-09 20:41:12.642,9.4400,0.8900,-0.1400,-3.4375,-8.5000,5.1875,85.0625,-4.6875,0.0000,234.6250,
2025-03-09 20:41:12.642,9.4700,0.8800,-0.1300,-2.5625,-9.0000,3.8125,85.1250,-4.6250,0.0000,234.6250,
2025-03-09 20:41:12.662,9.4700,0.8700,-0.1400,-1.0625,-9.9375,2.8125,85.1875,-4.6250,0.0000,234.6250,
2025-03-09 20:41:12.662,9.4800,0.8500,-0.1100,-1.2500,-9.2500,1.7500,85.2500,-4.5625,0.0000,234.6250,
2025-03-09 20:41:12.672,9.6400,0.8000,-0.1100,-1.6250,-8.6250,1.3750,85.2500,-4.5625,0.0000,234.4375,
2025-03-09 20:41:12.692,9.7700,0.6100,-0.2200,-2.0625,-8.0000,0.5625,85.3125,-4.5625,0.0000,234.4375,
2025-03-09 20:41:12.702,9.6700,0.6100,-0.2500,-1.8750,-5.6875,-1.0625,85.3125,-4.5625,0.0000,234.5000,
2025-03-09 20:41:12.712,9.5800,0.5800,-0.3000,-1.5625,-4.3125,-2.1875,85.3125,-4.5625,0.0000,234.5000,
2025-03-09 20:41:12.722,9.3200,0.6200,-0.3900,-0.1875,-3.8125,-3.6250,85.3125,-4.6250,0.0000,234.5000,
2025-03-09 20:41:12.732,9.2800,0.5200,-0.3800,-0.5000,-5.1250,-3.8125,85.2500,-4.6250,0.0000,234.0000,
2025-03-09 20:41:12.762,9.4800,0.5300,-0.3800,-0.9375,-8.5000,0.1875,85.2500,-4.6250,0.0000,234.0000,
2025-03-09 20:41:12.765,9.5600,0.5000,-0.3000,-2.1250,-10.3125,4.1250,85.3125,-4.6250,0.0000,234.0000,
2025-03-09 20:41:12.765,10.2700,0.7000,-0.1800,-3.0000,-10.7500,8.3125,85.3750,-4.5000,0.0000,233.9375,
2025-03-09 20:41:12.772,10.5200,0.9400,-0.0200,-3.9375,-10.0625,10.7500,85.5000,-4.4375,0.0000,233.8750,
2025-03-09 20:41:12.772,9.6700,0.9300,-0.1100,-4.1250,-5.5000,5.1875,85.5625,-4.3750,0.0000,233.5625,
2025-03-09 20:41:12.782,9.4300,0.6900,-0.3100,1.1250,-2.8750,2.7500,85.5625,-4.3125,0.0000,233.5000,
2025-03-09 20:41:12.803,9.5700,0.6100,-0.4000,2.3125,-3.0000,3.9375,85.6250,-4.3125,0.0000,233.4375,
2025-03-09 20:41:12.810,9.6100,0.6700,-0.2900,0.1875,-3.1875,3.8750,85.6875,-4.2500,0.0000,233.4375,
2025-03-09 20:41:12.813,9.6100,0.6300,-0.3700,-0.7500,-3.3125,3.6875,85.6875,-4.2500,0.0000,233.3750,
2025-03-09 20:41:12.823,9.5500,0.6100,-0.3500,-0.8750,-2.8125,3.6875,85.7500,-175.7500,0.0000,233.1875,
2025-03-09 20:41:12.853,9.5100,0.6600,-0.3200,-1.5000,-2.4375,3.3125,85.7500,-175.7500,0.0000,233.1875,
2025-03-09 20:41:12.853,9.5500,0.6000,-0.3200,-2.4375,-2.5625,2.5000,85.8125,-175.8125,0.0000,233.1875,
2025-03-09 20:41:12.853,9.6200,0.4900,-0.4500,-2.4375,-2.6875,1.8125,85.8125,-175.8125,0.0000,233.1875,
2025-03-09 20:41:12.863,9.5500,0.6100,-0.3300,-2.8750,-1.6250,0.1875,85.8125,-175.8125,0.0000,233.1875,
2025-03-09 20:41:12.873,9.5800,0.6500,-0.3700,-3.0000,-0.6250,-0.5625,85.8125,-175.8125,0.0000,232.8750,
2025-03-09 20:41:12.883,9.5500,0.6200,-0.4500,-1.7500,-0.1875,-0.7500,85.8125,-175.8125,0.0000,232.8750,
2025-03-09 20:41:12.893,9.5100,0.7300,-0.2800,-1.0000,0.9375,-0.6250,85.8125,-175.8125,0.0000,232.8750,
2025-03-09 20:41:12.903,9.4800,0.6800,-0.2600,-0.8125,0.5625,0.4375,85.8125,-175.8125,0.0000,232.8750,
2025-03-09 20:41:12.923,9.5000,0.7000,-0.2500,-1.6250,-0.5000,1.6875,85.8750,-175.8750,0.0000,232.8750,
2025-03-09 20:41:12.933,9.4900,0.7000,-0.2200,-3.0625,-2.1250,2.6250,85.8750,-175.8750,0.0000,232.5625,
2025-03-09 20:41:12.933,9.5100,0.5900,-0.3300,-3.2500,-3.8125,3.7500,85.8750,-175.9375,0.0000,232.5625,
2025-03-09 20:41:12.943,9.5300,0.5900,-0.3500,-3.6875,-4.8750,3.9375,85.9375,-175.9375,0.0000,232.5625,
2025-03-09 20:41:12.963,9.5700,0.5600,-0.3900,-4.1250,-5.1875,3.9375,86.0000,-176.0000,0.0000,232.5625,
2025-03-09 20:41:12.963,9.5800,0.5600,-0.4300,-4.8750,-5.5625,3.6875,86.0000,-176.0625,0.0000,232.5625,
2025-03-09 20:41:12.973,9.5500,0.5800,-0.3700,-4.8125,-5.0000,3.5000,86.0625,-176.0625,0.0000,232.3750,
2025-03-09 20:41:12.993,9.5500,0.6400,-0.3700,-4.2500,-4.3750,3.2500,86.0625,-176.1250,0.0000,232.3750,
2025-03-09 20:41:12.993,9.5900,0.5900,-0.3600,-2.3750,-4.1875,3.3750,86.0625,-176.1250,0.0000,232.3750,
2025-03-09 20:41:13.003,9.5500,0.5400,-0.3600,-0.3125,-3.9375,3.3125,86.1250,-176.1875,0.0000,232.3750,
2025-03-09 20:41:13.013,9.5900,0.4200,-0.4400,0.8750,-4.4375,3.3125,86.1250,-176.2500,0.0000,232.3125,
2025-03-09 20:41:13.023,9.5900,0.4000,-0.4400,0.7500,-4.4375,1.5625,86.1250,-176.2500,0.0000,232.0625,
2025-03-09 20:41:13.033,9.5500,0.5600,-0.4700,1.3125,-3.8125,-0.6250,86.1250,-176.2500,0.0000,232.0625,
2025-03-09 20:41:13.043,9.5200,0.6400,-0.4000,1.0625,-3.6875,-2.2500,86.1250,-176.2500,0.0000,232.0625,
2025-03-09 20:41:13.053,9.5300,0.7000,-0.3400,0.4375,-3.9375,-2.4375,86.0625,-176.1875,0.0000,232.0625,
2025-03-09 20:41:13.063,9.5200,0.7600,-0.3700,0.2500,-4.8125,-0.8125,86.0625,-176.1875,0.0000,232.1250,
2025-03-09 20:41:13.073,9.5300,0.7100,-0.4300,-0.2500,-6.0625,1.1250,86.0625,-176.1875,0.0000,232.1250,
2025-03-09 20:41:13.083,9.5400,0.6700,-0.4500,-1.3125,-7.3125,3.1875,86.0000,-176.2500,0.0000,231.8125,
2025-03-09 20:41:13.093,9.5400,0.6100,-0.5200,-0.8750,-7.9375,5.0625,86.0625,-176.2500,0.0000,231.7500,
2025-03-09 20:41:13.103,9.5400,0.5200,-0.5300,0.4375,-7.6250,6.1250,86.0625,-176.3125,0.0000,231.6875,
2025-03-09 20:41:13.113,9.5600,0.4800,-0.5300,0.9375,-7.4375,6.5000,86.1250,-176.3750,0.0000,231.6250,
2025-03-09 20:41:13.123,9.5600,0.4900,-0.5200,0.5000,-7.3750,5.9375,86.1250,-176.3750,0.0000,231.6250,
2025-03-09 20:41:13.143,9.5400,0.5000,-0.5100,0.0625,-7.1875,5.3750,86.1250,-176.5000,0.0000,231.5000,
2025-03-09 20:41:13.153,9.5500,0.4200,-0.6100,-0.1250,-7.3750,4.7500,86.1250,-176.5625,0.0000,231.5000,
2025-03-09 20:41:13.160,9.5700,0.4200,-0.6000,-1.0625,-7.1250,3.7500,86.1250,-176.6250,0.0000,231.4375,
2025-03-09 20:41:13.164,9.6000,0.3700,-0.6200,-1.7500,-6.6875,2.3125,86.1250,-176.6250,0.0000,231.4375,
2025-03-09 20:41:13.174,9.5600,0.4100,-0.6200,-1.3125,-5.5625,1.0000,86.1250,-176.6250,0.0000,231.4375,
2025-03-09 20:41:13.184,9.5400,0.5000,-0.5900,0.0625,-4.9375,-0.3125,86.0625,-176.6875,0.0000,231.3125,
2025-03-09 20:41:13.204,9.5300,0.5400,-0.5600,0.5000,-4.1875,-1.4375,86.0625,-176.6250,0.0000,231.3125,
2025-03-09 20:41:13.214,9.5300,0.5300,-0.6000,0.3125,-4.1250,-1.5625,86.0000,-176.6250,0.0000,231.3125,
2025-03-09 20:41:13.224,9.5400,0.6200,-0.5600,-0.5625,-4.5000,-1.3125,85.9375,-176.6250,0.0000,231.3125,
2025-03-09 20:41:13.224,9.5600,0.5700,-0.6200,-1.5000,-5.1250,-0.6250,85.9375,-176.6250,0.0000,231.3125,
2025-03-09 20:41:13.234,9.5600,0.4500,-0.7100,-1.2500,-5.3750,0.5000,85.8750,-176.6250,0.0000,231.0625,
2025-03-09 20:41:13.247,9.5700,0.4000,-0.7900,-1.0625,-4.7500,0.4375,85.8750,-176.6250,0.0000,231.0625,
2025-03-09 20:41:13.257,9.5300,0.4900,-0.6700,-1.8125,-3.1250,-1.1250,85.8750,-176.6250,0.0000,231.0625,
2025-03-09 20:41:13.264,9.5500,0.5000,-0.6400,-1.5000,-1.7500,-1.8125,85.8125,-176.6250,0.0000,231.0625,
2025-03-09 20:41:13.274,9.5500,0.5000,-0.6400,-2.2500,-1.5000,-2.3750,85.8125,-176.6250,0.0000,231.1250,
2025-03-09 20:41:13.284,9.5600,0.5100,-0.5600,-1.8125,-1.7500,-2.8125,85.7500,-176.5625,0.0000,231.0625,
2025-03-09 20:41:13.304,9.5700,0.5800,-0.5500,-0.3125,-2.0625,-3.1875,85.7500,-176.5625,0.0000,231.0625,
2025-03-09 20:41:13.304,9.4900,0.6000,-0.5600,0.5625,-3.2500,-3.0625,85.6875,-176.5625,0.0000,231.1250,
2025-03-09 20:41:13.322,9.5200,0.6700,-0.5500,0.5000,-4.6250,-2.5625,85.6250,-176.5000,0.0000,231.1250,
2025-03-09 20:41:13.329,9.5200,0.6700,-0.5500,0.1250,-5.9375,-1.4375,85.5625,-176.5000,0.0000,231.1875,
2025-03-09 20:41:13.335,9.4900,0.6200,-0.6900,1.0625,-6.2500,-0.1875,85.5625,-176.4375,0.0000,230.9375,
2025-03-09 20:41:13.345,9.5000,0.6400,-0.6800,1.3750,-6.0000,0.6250,85.5000,-176.4375,0.0000,230.9375,
2025-03-09 20:41:13.355,9.5700,0.5400,-0.7900,0.5000,-6.3125,1.9375,85.4375,-176.4375,0.0000,230.9375,
2025-03-09 20:41:13.373,9.5900,0.4200,-0.8700,0.3125,-5.8750,3.0625,85.4375,-176.5000,0.0000,230.9375,
2025-03-09 20:41:13.380,9.5900,0.4200,-0.8700,0.3750,-4.5625,2.7500,85.3750,-176.5000,0.0000,230.8750,
2025-03-09 20:41:13.393,9.5600,0.4200,-0.7900,0.5625,-2.9375,1.0625,85.3750,-176.5625,0.0000,230.7500,
2025-03-09 20:41:13.405,9.5600,0.5100,-0.7900,0.6250,-1.8750,-0.5625,85.3750,-176.5625,0.0000,230.7500,
2025-03-09 20:41:13.413,9.5300,0.5600,-0.7600,0.5000,-1.1875,-1.5625,85.3125,-176.5625,0.0000,230.7500,
2025-03-09 20:41:13.423,9.5200,0.5600,-0.7700,0.5000,-0.6875,-1.7500,85.3125,-176.5625,0.0000,230.7500,
2025-03-09 20:41:13.454,9.5500,0.5200,-0.8000,0.5000,0.3750,-0.5625,85.2500,-176.5625,0.0000,230.7500,
2025-03-09 20:41:13.470,9.5500,0.4800,-0.8300,0.4375,2.2500,-0.2500,85.2500,-176.5625,0.0000,230.6875,
2025-03-09 20:41:13.484,9.5200,0.5800,-0.6700,0.5625,3.7500,-0.9375,85.3125,-176.5625,0.0000,230.6875,
2025-03-09 20:41:13.493,9.5700,0.5300,-0.7400,-0.3125,4.2500,-0.8125,85.3125,-176.5000,0.0000,230.6250,
2025-03-09 20:41:13.514,9.5200,0.5800,-0.6700,0.8750,5.1250,-1.0625,85.3125,-176.5000,0.0000,230.6250,
2025-03-09 20:41:13.539,9.5500,0.5600,-0.6800,0.3750,5.0000,-1.0000,85.3750,-176.5000,0.0000,230.6250,
2025-03-09 20:41:13.543,9.5400,0.5400,-0.6500,0.0000,4.8125,-0.5625,85.3750,-176.5000,0.0000,230.5000,
2025-03-09 20:41:13.570,9.5200,0.5700,-0.6300,0.3125,4.5000,-1.2500,85.4375,-176.5000,0.0000,230.5000,
2025-03-09 20:41:13.607,9.5400,0.6100,-0.6200,0.5000,4.4375,-0.6875,85.5000,-176.5000,0.0000,230.5625,
2025-03-09 20:41:13.610,9.5300,0.5700,-0.6000,1.2500,3.2500,0.3750,85.5000,-176.5000,0.0000,230.3125,
2025-03-09 20:41:13.614,9.5300,0.5400,-0.5900,1.5000,2.3125,1.2500,85.5625,-176.5000,0.0000,230.2500,
2025-03-09 20:41:13.631,9.5400,0.5300,-0.6400,1.5000,2.0625,1.3750,85.5625,-176.5000,0.0000,230.1875,
2025-03-09 20:41:13.644,9.5700,0.4600,-0.6300,1.8125,1.9375,1.5625,85.6250,-176.5000,0.0000,230.1875,
2025-03-09 20:41:13.656,9.5500,0.4800,-0.6100,2.5000,2.4375,0.8125,85.6250,-176.5625,0.0000,230.0625,
2025-03-09 20:41:13.675,9.5400,0.4700,-0.5600,2.6250,2.5625,0.1875,85.6875,-176.5625,0.0000,230.0000,
2025-03-09 20:41:13.695,9.5200,0.5400,-0.5500,2.2500,1.8125,-1.5625,85.6875,-176.5625,0.0000,230.0000,
2025-03-09 20:41:13.715,9.5400,0.5600,-0.5600,1.8125,0.5625,-2.0000,85.6875,-176.5625,0.0000,229.9375,
2025-03-09 20:41:13.725,9.5200,0.6400,-0.5400,1.5000,0.1875,-1.3750,85.6250,-176.5000,0.0000,229.9375,
2025-03-09 20:41:13.761,9.5400,0.5900,-0.5700,0.1875,-0.8125,0.3125,85.6250,-176.5000,0.0000,229.8125,
2025-03-09 20:41:13.764,9.5600,0.5100,-0.5700,1.6875,-1.1250,1.1875,85.6250,-176.5000,0.0000,229.8125,
2025-03-09 20:41:13.781,9.5300,0.4600,-0.6100,3.1250,-1.1875,0.8750,85.6250,-176.5625,0.0000,229.7500,
2025-03-09 20:41:13.795,9.5300,0.5300,-0.5700,5.2500,-1.0625,-0.5000,85.6250,-176.5625,0.0000,229.6875,
2025-03-09 20:41:13.814,9.5100,0.5900,-0.6200,1.8125,-1.9375,0.1875,85.5625,-176.5625,0.0000,229.5625,
