{
"lengthUnit": "mil",
"components": {
	"fields": ["COMPONENT_NO", "COMPONENT_NAME", "LAYER", "X_COORDINATE", "Y_COORDINATE", "ANGLE"],
	"rows": [
		[1, "C1", "T", 675, 785, 270],
		[2, "C2", "T", 745, 785, 270],
		[3, "C3", "T", 808.58, 780.73, 270],
		[4, "C4", "T", 372.6, 264.77, 270],
		[5, "C5", "T", 605, 785, 270],
		[6, "C6", "T", 740, 1070, 90],
		[7, "C7", "T", 810, 1065, 90],
		[8, "C8", "T", 675, 1070, 90],
		[9, "C9", "T", 810, 550, 0],
		[10, "C10", "T", 810.44, 495.64, 0],
		[11, "C11", "T", 583.55, 172.47, 270],
		[12, "C12", "T", 1005, 785, 90],
		[13, "C13", "T", 1075, 955, 270],
		[14, "C14", "T", 1025, 1075, 270],
		[15, "C15", "T", 955, 1085, 270],
		[16, "C16", "T", 565, 410, 0],
		[17, "C17", "T", 905, 330, 90],
		[18, "C18", "T", 585, 285, 90],
		[19, "C19", "T", 1015, 330, 90],
		[20, "C20", "T", 845, 130, 90],
		[21, "C21", "T", 845, 235, 90],
		[22, "CN1", "T", 1200, 960, 90],
		[23, "D1", "T", 535, 785, 270],
		[24, "L1", "T", 470, 955, 90],
		[25, "LED1", "T", 925, 785, 270],
		[26, "LED2", "T", 956.34, 213.53, 90],
		[27, "Q1", "T", 416.36, 812.21, 0],
		[28, "R1", "T", 1262.82, 477.18, 0],
		[29, "R2", "T", 455, 615, 0],
		[30, "R3", "T", 605, 1080, 270],
		[31, "R4", "T", 1175, 475, 0],
		[32, "R5", "T", 460, 465, 0],
		[33, "R6", "T", 860, 780, 270],
		[34, "R7", "T", 1145, 750, 270],
		[35, "R8", "T", 425, 695, 90],
		[36, "R9", "T", 665, 925, 90],
		[37, "R10", "T", 476.36, 697.21, 270],
		[38, "R11", "T", 1200, 750, 90],
		[39, "R12", "T", 645, 475, 0],
		[40, "R13", "T", 455, 565, 0],
		[41, "R14", "T", 460, 515, 0],
		[42, "R15", "T", 1025, 955, 90],
		[43, "R16", "T", 885, 1075, 90],
		[44, "R17", "T", 959.86, 330, 270],
		[45, "R18", "T", 715, 120, 0],
		[46, "R19", "T", 665, 410, 180],
		[47, "R20", "T", 760, 410, 0],
		[48, "R23", "T", 845, 335, 270],
		[49, "R24", "T", 1070, 840, 90],
		[50, "R25", "T", 1125, 840, 270],
		[51, "SW1", "T", 295, 985, 90],
		[52, "SW2", "T", 227.6, 244.77, 180],
		[53, "SW3", "T", 1025, 610, 0],
		[54, "U1", "T", 1245, 615.51, 90],
		[55, "U2", "T", 570, 955, 90],
		[56, "U3", "T", 640, 570, 270],
		[57, "U4", "T", 920, 950, 0],
		[58, "U5", "B", 830.06, 594.84, 180],
		[59, "U6", "T", 715, 265, 0],
		[60, "USB1", "T", 240, 610, 270],
		[61, "X1", "T", 495, 225, 270]
	]
},
"pins": {
	"fields": ["PIN_NO", "PIN_NAME", "PIN_X", "PIN_Y", "LAYER", "PIN_TYPE", "NET_NAME", "NET_TYPE", "PAD_SHAPE", "PAD_SIZEX", "PAD_SIZEY", "HOLE_SIZE", "PAD_ANGLE"],
	"rows": [
		[1, "C1_1", 675, 812.56, "T", "SMD", "GND", "GND", "R", 31.5, 35.43, 0, 270],
		[2, "C1_2", 675, 757.44, "T", "SMD", "VCC_3V3", "", "R", 31.5, 35.43, 0, 270],
		[3, "C2_1", 745, 812.56, "T", "SMD", "GND", "GND", "R", 31.5, 35.43, 0, 270],
		[4, "C2_2", 745, 757.44, "T", "SMD", "VCC_3V3", "", "R", 31.5, 35.43, 0, 270],
		[5, "C3_1", 808.58, 802.19, "T", "SMD", "GND", "GND", "R", 31.11, 21.26, 0, 270],
		[6, "C3_2", 808.58, 759.27, "T", "SMD", "VCC_3V3", "", "R", 31.11, 21.26, 0, 270],
		[7, "C4_1", 372.6, 286.23, "T", "SMD", "GND", "GND", "R", 31.11, 21.26, 0, 270],
		[8, "C4_2", 372.6, 243.31, "T", "SMD", "EN", "", "R", 31.11, 21.26, 0, 270],
		[9, "C5_1", 605, 812.56, "T", "SMD", "$2N10079", "", "R", 31.5, 35.43, 0, 270],
		[10, "C5_2", 605, 757.44, "T", "SMD", "VCC_3V3", "", "R", 31.5, 35.43, 0, 270],
		[11, "C6_1", 740, 1048.54, "T", "SMD", "GND", "GND", "R", 31.11, 21.26, 0, 90],
		[12, "C6_2", 740, 1091.46, "T", "SMD", "VDD", "", "R", 31.11, 21.26, 0, 90],
		[13, "C7_1", 810, 1037.44, "T", "SMD", "GND", "GND", "R", 31.5, 35.43, 0, 90],
		[14, "C7_2", 810, 1092.56, "T", "SMD", "VDD", "", "R", 31.5, 35.43, 0, 90],
		[15, "C8_1", 675, 1042.44, "T", "SMD", "GND", "GND", "R", 31.5, 35.43, 0, 90],
		[16, "C8_2", 675, 1097.56, "T", "SMD", "VDD", "", "R", 31.5, 35.43, 0, 90],
		[17, "C9_1", 788.54, 550, "T", "SMD", "VCC_3V3", "", "R", 31.11, 21.26, 0, 0],
		[18, "C9_2", 831.46, 550, "T", "SMD", "GND", "GND", "R", 31.11, 21.26, 0, 0],
		[19, "C10_1", 788.98, 495.64, "T", "SMD", "VCC_3V3", "", "R", 31.11, 21.26, 0, 0],
		[20, "C10_2", 831.9, 495.64, "T", "SMD", "GND", "GND", "R", 31.11, 21.26, 0, 0],
		[21, "C11_1", 583.55, 193.93, "T", "SMD", "$2N9985", "", "R", 31.11, 21.26, 0, 270],
		[22, "C11_2", 583.55, 151.01, "T", "SMD", "GND", "GND", "R", 31.11, 21.26, 0, 270],
		[23, "C12_1", 1005, 757.44, "T", "SMD", "GND", "GND", "R", 31.5, 35.43, 0, 90],
		[24, "C12_2", 1005, 812.56, "T", "SMD", "VBAT", "", "R", 31.5, 35.43, 0, 90],
		[25, "C13_1", 1075, 976.46, "T", "SMD", "GND", "GND", "R", 31.11, 21.26, 0, 270],
		[26, "C13_2", 1075, 933.54, "T", "SMD", "VBAT", "", "R", 31.11, 21.26, 0, 270],
		[27, "C14_1", 1025, 1096.46, "T", "SMD", "GND", "GND", "R", 31.11, 21.26, 0, 270],
		[28, "C14_2", 1025, 1053.54, "T", "SMD", "VUSB", "", "R", 31.11, 21.26, 0, 270],
		[29, "C15_1", 955, 1112.56, "T", "SMD", "GND", "GND", "R", 31.5, 35.43, 0, 270],
		[30, "C15_2", 955, 1057.44, "T", "SMD", "VUSB", "", "R", 31.5, 35.43, 0, 270],
		[31, "C16_1", 543.54, 410, "T", "SMD", "GND", "GND", "R", 31.11, 21.26, 0, 0],
		[32, "C16_2", 586.46, 410, "T", "SMD", "VCC_3V3", "", "R", 31.11, 21.26, 0, 0],
		[33, "C17_1", 905, 308.54, "T", "SMD", "GND", "GND", "R", 31.11, 21.26, 0, 90],
		[34, "C17_2", 905, 351.46, "T", "SMD", "VCC_3V3", "", "R", 31.11, 21.26, 0, 90],
		[35, "C18_1", 585, 263.54, "T", "SMD", "$2N9991", "", "R", 31.11, 21.26, 0, 90],
		[36, "C18_2", 585, 306.46, "T", "SMD", "GND", "GND", "R", 31.11, 21.26, 0, 90],
		[37, "C19_1", 1015, 308.54, "T", "SMD", "GND", "GND", "R", 31.11, 21.26, 0, 90],
		[38, "C19_2", 1015, 351.46, "T", "SMD", "VCC_3V3", "", "R", 31.11, 21.26, 0, 90],
		[39, "C20_1", 845, 108.54, "T", "SMD", "GND", "GND", "R", 31.11, 21.26, 0, 90],
		[40, "C20_2", 845, 151.46, "T", "SMD", "$2N10003", "", "R", 31.11, 21.26, 0, 90],
		[41, "C21_1", 845, 213.54, "T", "SMD", "GND", "GND", "R", 31.11, 21.26, 0, 90],
		[42, "C21_2", 845, 256.46, "T", "SMD", "RESET", "", "R", 31.11, 21.26, 0, 90],
		[43, "CN1_1", 1149.41, 935.4, "T", "SMD", "GND", "GND", "R", 31.5, 86.61, 0, 90],
		[44, "CN1_2", 1149.41, 984.61, "T", "SMD", "VBAT", "", "R", 31.5, 86.61, 0, 90],
		[45, "CN1_3", 1250.59, 841.7, "T", "SMD", "GND", "GND", "R", 98.42, 92.52, 0, 360],
		[46, "CN1_4", 1250.59, 1078.31, "T", "SMD", "GND", "GND", "R", 98.42, 92.52, 0, 180],
		[47, "D1_1", 535, 831.17, "T", "SMD", "VDD", "", "R", 39.37, 29.53, 0, 270],
		[48, "D1_2", 535, 738.84, "T", "SMD", "VBUS", "", "R", 39.37, 29.53, 0, 270],
		[49, "L1_1", 470, 927.45, "T", "SMD", "VCC_3V3", "", "R", 31.5, 34.02, 0, 270],
		[50, "L1_2", 470, 982.55, "T", "SMD", "$2N10075", "", "R", 31.5, 34.02, 0, 270],
		[51, "LED1_1", 924.99, 816.47, "T", "SMD", "$2N10058", "", "R", 31.5, 31.5, 0, 360],
		[52, "LED1_2", 925, 753.52, "T", "SMD", "$2N10059", "", "R", 31.5, 31.5, 0, 360],
		[53, "LED2_1", 956.34, 182.05, "T", "SMD", "GND", "GND", "R", 31.5, 31.5, 0, 180],
		[54, "LED2_2", 956.33, 245, "T", "SMD", "$2N10121", "", "R", 31.5, 31.5, 0, 180],
		[55, "Q1_1", 461.64, 774.81, "T", "SMD", "$2N10082", "", "R", 39.37, 31.5, 0, 180],
		[56, "Q1_2", 461.64, 849.62, "T", "SMD", "VDD", "", "R", 39.37, 31.5, 0, 180],
		[57, "Q1_3", 371.08, 812.22, "T", "SMD", "VBAT_IN", "", "R", 39.37, 31.5, 0, 180],
		[58, "R1_1", 1245.78, 477.18, "T", "SMD", "$2N14287", "", "R", 22.27, 21.26, 0, 0],
		[59, "R1_2", 1279.86, 477.18, "T", "SMD", "LED1", "", "R", 22.27, 21.26, 0, 0],
		[60, "R2_1", 437.96, 615, "T", "SMD", "CC1", "", "R", 22.27, 21.26, 0, 0],
		[61, "R2_2", 472.04, 615, "T", "SMD", "GND", "GND", "R", 22.27, 21.26, 0, 0],
		[62, "R3_1", 605, 1097.04, "T", "SMD", "VDD", "", "R", 22.27, 21.26, 0, 270],
		[63, "R3_2", 605, 1062.96, "T", "SMD", "$2N10081", "", "R", 22.27, 21.26, 0, 270],
		[64, "R4_1", 1157.96, 475, "T", "SMD", "GND", "GND", "R", 22.27, 21.26, 0, 0],
		[65, "R4_2", 1192.04, 475, "T", "SMD", "$2N14330", "", "R", 22.27, 21.26, 0, 0],
		[66, "R5_1", 442.96, 465, "T", "SMD", "CC2", "", "R", 22.27, 21.26, 0, 0],
		[67, "R5_2", 477.04, 465, "T", "SMD", "GND", "GND", "R", 22.27, 21.26, 0, 0],
		[68, "R6_1", 860, 797.04, "T", "SMD", "$2N10079", "", "R", 22.27, 21.26, 0, 270],
		[69, "R6_2", 860, 762.96, "T", "SMD", "VCC_3V3", "", "R", 22.27, 21.26, 0, 270],
		[70, "R7_1", 1145, 767.04, "T", "SMD", "VCC_3V3", "", "R", 22.27, 21.26, 0, 270],
		[71, "R7_2", 1145, 732.96, "T", "SMD", "EN", "", "R", 22.27, 21.26, 0, 270],
		[72, "R8_1", 425, 677.96, "T", "SMD", "VBUS", "", "R", 22.27, 21.26, 0, 90],
		[73, "R8_2", 425, 712.04, "T", "SMD", "$2N10082", "", "R", 22.27, 21.26, 0, 90],
		[74, "R9_1", 665, 907.96, "T", "SMD", "$2N10079", "", "R", 22.27, 21.26, 0, 90],
		[75, "R9_2", 665, 942.04, "T", "SMD", "GND", "GND", "R", 22.27, 21.26, 0, 90],
		[76, "R10_1", 476.36, 714.25, "T", "SMD", "GND", "GND", "R", 22.27, 21.26, 0, 270],
		[77, "R10_2", 476.36, 680.17, "T", "SMD", "VBUS", "", "R", 22.27, 21.26, 0, 270],
		[78, "R11_1", 1200, 732.96, "T", "SMD", "IO33", "", "R", 22.27, 21.26, 0, 90],
		[79, "R11_2", 1200, 767.04, "T", "SMD", "VCC_3V3", "", "R", 22.27, 21.26, 0, 90],
		[80, "R12_1", 627.96, 475, "T", "SMD", "$2N10051", "", "R", 22.27, 21.26, 0, 0],
		[81, "R12_2", 662.04, 475, "T", "SMD", "IO0", "", "R", 22.27, 21.26, 0, 0],
		[82, "R13_1", 437.96, 565, "T", "SMD", "USB_D+", "", "R", 22.27, 21.26, 0, 0],
		[83, "R13_2", 472.04, 565, "T", "SMD", "D+", "", "R", 22.27, 21.26, 0, 0],
		[84, "R14_1", 442.96, 515, "T", "SMD", "USB_D-", "", "R", 22.27, 21.26, 0, 0],
		[85, "R14_2", 477.04, 515, "T", "SMD", "D-", "", "R", 22.27, 21.26, 0, 0],
		[86, "R15_1", 1025, 937.96, "T", "SMD", "$2N10059", "", "R", 22.27, 21.26, 0, 90],
		[87, "R15_2", 1025, 972.04, "T", "SMD", "VUSB", "", "R", 22.27, 21.26, 0, 90],
		[88, "R16_1", 885, 1057.96, "T", "SMD", "$2N10065", "", "R", 22.27, 21.26, 0, 90],
		[89, "R16_2", 885, 1092.04, "T", "SMD", "GND", "GND", "R", 22.27, 21.26, 0, 90],
		[90, "R17_1", 959.86, 347.04, "T", "SMD", "VCC_3V3", "", "R", 22.27, 21.26, 0, 270],
		[91, "R17_2", 959.86, 312.96, "T", "SMD", "$2N10121", "", "R", 22.27, 21.26, 0, 270],
		[92, "R18_1", 697.96, 120, "T", "SMD", "VCC_3V3", "", "R", 22.27, 21.26, 0, 0],
		[93, "R18_2", 732.04, 120, "T", "SMD", "$2N10010", "", "R", 22.27, 21.26, 0, 0],
		[94, "R19_1", 682.04, 410, "T", "SMD", "SDA", "", "R", 22.27, 21.26, 0, 180],
		[95, "R19_2", 647.96, 410, "T", "SMD", "VCC_3V3", "", "R", 22.27, 21.26, 0, 180],
		[96, "R20_1", 742.96, 410, "T", "SMD", "SCL", "", "R", 22.27, 21.26, 0, 0],
		[97, "R20_2", 777.04, 410, "T", "SMD", "VCC_3V3", "", "R", 22.27, 21.26, 0, 0],
		[98, "R23_1", 845, 352.04, "T", "SMD", "VCC_3V3", "", "R", 22.27, 21.26, 0, 270],
		[99, "R23_2", 845, 317.96, "T", "SMD", "RESET", "", "R", 22.27, 21.26, 0, 270],
		[100, "R24_1", 1070, 822.96, "T", "SMD", "BAT_ADC", "", "R", 22.27, 21.26, 0, 90],
		[101, "R24_2", 1070, 857.04, "T", "SMD", "VBAT", "", "R", 22.27, 21.26, 0, 90],
		[102, "R25_1", 1125, 857.04, "T", "SMD", "GND", "GND", "R", 22.27, 21.26, 0, 270],
		[103, "R25_2", 1125, 822.96, "T", "SMD", "BAT_ADC", "", "R", 22.27, 21.26, 0, 270],
		[104, "SW1_1", 235.94, 864.92, "T", "DIP", "SW1_1", "", "C", 62.99, 62.99, 39.37, 90],
		[105, "SW1_1", 235.94, 864.92, "B", "DIP", "SW1_1", "", "C", 62.99, 62.99, 39.37, 90],
		[106, "SW1_2", 314.68, 864.92, "T", "DIP", "VBAT", "", "C", 62.99, 62.99, 39.37, 90],
		[107, "SW1_2", 314.68, 864.92, "B", "DIP", "VBAT", "", "C", 62.99, 62.99, 39.37, 90],
		[108, "SW1_3", 235.94, 1105.08, "T", "DIP", "SW1_3", "", "C", 62.99, 62.99, 39.37, 90],
		[109, "SW1_3", 235.94, 1105.08, "B", "DIP", "SW1_3", "", "C", 62.99, 62.99, 39.37, 90],
		[110, "SW1_4", 314.68, 1105.08, "T", "DIP", "VBAT_IN", "", "C", 62.99, 62.99, 39.37, 90],
		[111, "SW1_4", 314.68, 1105.08, "B", "DIP", "VBAT_IN", "", "C", 62.99, 62.99, 39.37, 90],
		[112, "SW1_5", 354.05, 945.63, "T", "DIP", "SW1_5", "", "C", 62.99, 62.99, 39.37, 90],
		[113, "SW1_5", 354.05, 945.63, "B", "DIP", "SW1_5", "", "C", 62.99, 62.99, 39.37, 90],
		[114, "SW1_6", 354.05, 1024.37, "T", "DIP", "SW1_6", "", "C", 62.99, 62.99, 39.37, 90],
		[115, "SW1_6", 354.05, 1024.37, "B", "DIP", "SW1_6", "", "C", 62.99, 62.99, 39.37, 90],
		[116, "SW2_1", 313.62, 244.77, "T", "SMD", "EN", "", "R", 48.42, 53.54, 0, 180],
		[117, "SW2_2", 141.58, 244.77, "T", "SMD", "GND", "GND", "R", 48.42, 53.54, 0, 180],
		[118, "SW3_1", 906.89, 682.83, "T", "SMD", "SW3_1", "", "R", 62.2, 31.5, 0, 0],
		[119, "SW3_2", 1143.11, 682.83, "T", "SMD", "IO33", "", "R", 62.2, 31.5, 0, 0],
		[120, "SW3_3", 906.89, 537.17, "T", "SMD", "GND", "GND", "R", 62.2, 31.5, 0, 0],
		[121, "SW3_4", 1143.11, 537.17, "T", "SMD", "SW3_4", "", "R", 62.2, 31.5, 0, 0],
		[122, "U1_1", 1215.47, 674.57, "T", "SMD", "LED2", "", "R", 31.5, 51.18, 0, 0],
		[123, "U1_2", 1274.53, 674.57, "T", "SMD", "GND", "GND", "R", 31.5, 51.18, 0, 0],
		[124, "U1_3", 1274.53, 556.46, "T", "SMD", "$2N14287", "", "R", 31.5, 51.18, 0, 0],
		[125, "U1_4", 1215.47, 556.46, "T", "SMD", "$2N14330", "", "R", 31.5, 51.18, 0, 0],
		[126, "U2_1", 607.4, 1006.18, "T", "SMD", "$2N10081", "", "R", 43.31, 23.62, 0, 90],
		[127, "U2_2", 570, 1006.18, "T", "SMD", "GND", "GND", "R", 43.31, 23.62, 0, 90],
		[128, "U2_3", 532.6, 1006.18, "T", "SMD", "$2N10075", "", "R", 43.31, 23.62, 0, 90],
		[129, "U2_4", 532.6, 903.81, "T", "SMD", "VDD", "", "R", 43.31, 23.62, 0, 90],
		[130, "U2_5", 607.4, 903.81, "T", "SMD", "$2N10079", "", "R", 43.31, 23.62, 0, 90],
		[131, "U3_1", 556.93, 609.37, "T", "SMD", "D+", "", "O", 11.02, 63.78, 0, 270],
		[132, "U3_2", 556.93, 589.68, "T", "SMD", "D-", "", "O", 11.02, 63.78, 0, 270],
		[133, "U3_3", 556.93, 570, "T", "SMD", "GND", "GND", "O", 11.02, 63.78, 0, 270],
		[134, "U3_4", 556.93, 550.31, "T", "SMD", "EN", "", "O", 11.02, 63.78, 0, 270],
		[135, "U3_5", 556.93, 530.63, "T", "SMD", "$2N10051", "", "O", 11.02, 63.78, 0, 270],
		[136, "U3_6", 723.07, 530.63, "T", "SMD", "IO0", "", "O", 11.02, 63.78, 0, 270],
		[137, "U3_7", 723.07, 550.31, "T", "SMD", "VCC_3V3", "", "O", 11.02, 63.78, 0, 270],
		[138, "U3_8", 723.07, 570, "T", "SMD", "RXD0", "", "O", 11.02, 63.78, 0, 270],
		[139, "U3_9", 723.07, 589.68, "T", "SMD", "TXD0", "", "O", 11.02, 63.78, 0, 270],
		[140, "U3_10", 723.07, 609.37, "T", "SMD", "VCC_3V3", "", "O", 11.02, 63.78, 0, 270],
		[141, "U4_1", 882.6, 904.82, "T", "SMD", "$2N10058", "", "R", 20.95, 41.14, 0, 360],
		[142, "U4_2", 920, 904.82, "T", "SMD", "GND", "GND", "R", 20.95, 41.14, 0, 360],
		[143, "U4_3", 957.4, 904.82, "T", "SMD", "VBAT", "", "R", 20.95, 41.14, 0, 360],
		[144, "U4_4", 957.4, 995.18, "T", "SMD", "VUSB", "", "R", 20.95, 41.14, 0, 360],
		[145, "U4_5", 882.6, 995.18, "T", "SMD", "$2N10065", "", "R", 20.95, 41.14, 0, 360],
		[146, "U5_1", 473.96, 949.17, "B", "SMD", "U5_1", "", "R", 37.4, 82.68, 0, 180],
		[147, "U5_2", 523.96, 949.17, "B", "SMD", "VCC_3V3", "", "R", 37.4, 82.68, 0, 180],
		[148, "U5_3", 573.96, 949.17, "B", "SMD", "EN", "", "R", 37.4, 82.68, 0, 180],
		[149, "U5_4", 623.96, 949.17, "B", "SMD", "U5_4", "", "R", 37.4, 82.68, 0, 180],
		[150, "U5_5", 673.96, 949.17, "B", "SMD", "U5_5", "", "R", 37.4, 82.68, 0, 180],
		[151, "U5_6", 723.96, 949.17, "B", "SMD", "U5_6", "", "R", 37.4, 82.68, 0, 180],
		[152, "U5_7", 773.96, 949.17, "B", "SMD", "U5_7", "", "R", 37.4, 82.68, 0, 180],
		[153, "U5_8", 823.96, 949.17, "B", "SMD", "U5_8", "", "R", 37.4, 82.68, 0, 180],
		[154, "U5_9", 873.96, 949.17, "B", "SMD", "IO33", "", "R", 37.4, 82.68, 0, 180],
		[155, "U5_10", 923.96, 949.17, "B", "SMD", "U5_10", "", "R", 37.4, 82.68, 0, 180],
		[156, "U5_11", 973.96, 949.17, "B", "SMD", "U5_11", "", "R", 37.4, 82.68, 0, 180],
		[157, "U5_12", 1023.96, 949.17, "B", "SMD", "U5_12", "", "R", 37.4, 82.68, 0, 180],
		[158, "U5_13", 1073.96, 949.17, "B", "SMD", "BAT_ADC", "", "R", 37.4, 82.68, 0, 180],
		[159, "U5_14", 1123.96, 949.17, "B", "SMD", "U5_14", "", "R", 37.4, 82.68, 0, 180],
		[160, "U5_15", 1186.16, 819.84, "B", "SMD", "GND", "GND", "R", 82.68, 37.4, 0, 180],
		[161, "U5_16", 1186.16, 769.84, "B", "SMD", "U5_16", "", "R", 82.68, 37.4, 0, 180],
		[162, "U5_17", 1186.16, 719.84, "B", "SMD", "U5_17", "", "R", 82.68, 37.4, 0, 180],
		[163, "U5_18", 1186.16, 669.84, "B", "SMD", "U5_18", "", "R", 82.68, 37.4, 0, 180],
		[164, "U5_19", 1186.16, 619.84, "B", "SMD", "U5_19", "", "R", 82.68, 37.4, 0, 180],
		[165, "U5_20", 1186.16, 569.84, "B", "SMD", "U5_20", "", "R", 82.68, 37.4, 0, 180],
		[166, "U5_21", 1186.16, 519.84, "B", "SMD", "U5_21", "", "R", 82.68, 37.4, 0, 180],
		[167, "U5_22", 1186.16, 469.84, "B", "SMD", "U5_22", "", "R", 82.68, 37.4, 0, 180],
		[168, "U5_23", 1186.16, 419.84, "B", "SMD", "U5_23", "", "R", 82.68, 37.4, 0, 180],
		[169, "U5_24", 1186.16, 369.84, "B", "SMD", "U5_24", "", "R", 82.68, 37.4, 0, 180],
		[170, "U5_25", 1123.96, 240.52, "B", "SMD", "IO0", "", "R", 37.4, 82.68, 0, 180],
		[171, "U5_26", 1073.96, 240.52, "B", "SMD", "INT", "", "R", 37.4, 82.68, 0, 180],
		[172, "U5_27", 1023.96, 240.52, "B", "SMD", "LED1", "", "R", 37.4, 82.68, 0, 180],
		[173, "U5_28", 973.96, 240.52, "B", "SMD", "RESET", "", "R", 37.4, 82.68, 0, 180],
		[174, "U5_29", 923.96, 240.52, "B", "SMD", "LED2", "", "R", 37.4, 82.68, 0, 180],
		[175, "U5_30", 873.96, 240.52, "B", "SMD", "U5_30", "", "R", 37.4, 82.68, 0, 180],
		[176, "U5_31", 823.96, 240.52, "B", "SMD", "U5_31", "", "R", 37.4, 82.68, 0, 180],
		[177, "U5_32", 773.96, 240.52, "B", "SMD", "U5_32", "", "R", 37.4, 82.68, 0, 180],
		[178, "U5_33", 723.96, 240.52, "B", "SMD", "SDA", "", "R", 37.4, 82.68, 0, 180],
		[179, "U5_34", 673.96, 240.52, "B", "SMD", "RXD0", "", "R", 37.4, 82.68, 0, 180],
		[180, "U5_35", 623.96, 240.52, "B", "SMD", "TXD0", "", "R", 37.4, 82.68, 0, 180],
		[181, "U5_36", 573.96, 240.52, "B", "SMD", "SCL", "", "R", 37.4, 82.68, 0, 180],
		[182, "U5_37", 523.96, 240.52, "B", "SMD", "U5_37", "", "R", 37.4, 82.68, 0, 180],
		[183, "U5_38", 473.96, 240.52, "B", "SMD", "GND", "GND", "R", 37.4, 82.68, 0, 180],
		[184, "U5_39", 778.08, 654.29, "B", "SMD", "GND", "GND", "R", 149.61, 149.61, 0, 180],
		[185, "U6_1", 653.46, 176.42, "T", "SMD", "U6_1", "", "R", 9.84, 19.68, 0, 90],
		[186, "U6_2", 685.48, 176.42, "T", "SMD", "GND", "GND", "R", 9.84, 19.68, 0, 180],
		[187, "U6_3", 705.15, 176.42, "T", "SMD", "VCC_3V3", "", "R", 9.84, 19.68, 0, 180],
		[188, "U6_4", 724.85, 176.42, "T", "SMD", "$2N10010", "", "R", 9.84, 19.68, 0, 180],
		[189, "U6_5", 744.52, 176.42, "T", "SMD", "GND", "GND", "R", 9.84, 19.68, 0, 180],
		[190, "U6_6", 776.54, 176.42, "T", "SMD", "GND", "GND", "R", 9.84, 19.68, 0, 270],
		[191, "U6_7", 776.54, 196.11, "T", "SMD", "U6_7", "", "R", 9.84, 19.68, 0, 270],
		[192, "U6_8", 776.54, 215.79, "T", "SMD", "U6_8", "", "R", 9.84, 19.68, 0, 270],
		[193, "U6_9", 776.54, 235.48, "T", "SMD", "$2N10003", "", "R", 9.84, 19.68, 0, 270],
		[194, "U6_10", 776.54, 255.17, "T", "SMD", "U6_10", "", "R", 9.84, 19.68, 0, 270],
		[195, "U6_11", 776.54, 274.85, "T", "SMD", "RESET", "", "R", 9.84, 19.68, 0, 270],
		[196, "U6_12", 776.54, 294.54, "T", "SMD", "U6_12", "", "R", 9.84, 19.68, 0, 270],
		[197, "U6_13", 776.54, 314.21, "T", "SMD", "U6_13", "", "R", 9.84, 19.68, 0, 270],
		[198, "U6_14", 776.54, 333.91, "T", "SMD", "INT", "", "R", 9.84, 19.68, 0, 270],
		[199, "U6_15", 776.54, 353.58, "T", "SMD", "GND", "GND", "R", 9.84, 19.68, 0, 270],
		[200, "U6_16", 744.52, 353.58, "T", "SMD", "GND", "GND", "R", 9.84, 19.68, 0, 0],
		[201, "U6_17", 724.84, 353.58, "T", "SMD", "GND", "GND", "R", 9.84, 19.68, 0, 0],
		[202, "U6_18", 705.15, 353.58, "T", "SMD", "GND", "GND", "R", 9.84, 19.68, 0, 0],
		[203, "U6_19", 685.47, 353.58, "T", "SMD", "SCL", "", "R", 9.84, 19.68, 0, 0],
		[204, "U6_20", 653.46, 353.58, "T", "SMD", "SDA", "", "R", 9.84, 19.68, 0, 90],
		[205, "U6_21", 653.46, 333.91, "T", "SMD", "U6_21", "", "R", 9.84, 19.68, 0, 90],
		[206, "U6_22", 653.46, 314.21, "T", "SMD", "U6_22", "", "R", 9.84, 19.68, 0, 90],
		[207, "U6_23", 653.46, 294.54, "T", "SMD", "U6_23", "", "R", 9.84, 19.68, 0, 90],
		[208, "U6_24", 653.46, 274.85, "T", "SMD", "U6_24", "", "R", 9.84, 19.68, 0, 90],
		[209, "U6_25", 653.46, 255.17, "T", "SMD", "GND", "GND", "R", 9.84, 19.68, 0, 90],
		[210, "U6_26", 653.46, 235.48, "T", "SMD", "$2N9991", "", "R", 9.84, 19.68, 0, 90],
		[211, "U6_27", 653.46, 215.79, "T", "SMD", "$2N9985", "", "R", 9.84, 19.68, 0, 90],
		[212, "U6_28", 653.46, 196.11, "T", "SMD", "VCC_3V3", "", "R", 9.84, 19.68, 0, 90],
		[213, "USB1_1", 309.49, 780.08, "T", "DIP", "GND", "GND", "O", 39.37, 78.74, 66.93, 270],
		[214, "USB1_1", 309.49, 780.08, "B", "DIP", "GND", "GND", "O", 39.37, 78.74, 66.93, 270],
		[215, "USB1_2", 309.49, 439.92, "T", "DIP", "GND", "GND", "O", 39.37, 78.74, 66.93, 270],
		[216, "USB1_2", 309.49, 439.92, "B", "DIP", "GND", "GND", "O", 39.37, 78.74, 66.93, 270],
		[217, "USB1_3", 144.92, 780.08, "T", "DIP", "GND", "GND", "O", 39.37, 70.87, 55.12, 270],
		[218, "USB1_3", 144.92, 780.08, "B", "DIP", "GND", "GND", "O", 39.37, 70.87, 55.12, 270],
		[219, "USB1_4", 144.92, 439.92, "T", "DIP", "GND", "GND", "O", 39.37, 70.87, 55.12, 270],
		[220, "USB1_4", 144.92, 439.92, "B", "DIP", "GND", "GND", "O", 39.37, 70.87, 55.12, 270],
		[221, "USB1_A1", 342.36, 741.89, "T", "SMD", "GND", "GND", "R", 11.81, 59.06, 0, 270],
		[222, "USB1_A12", 342.36, 478.11, "T", "SMD", "GND", "GND", "R", 11.81, 59.06, 0, 270],
		[223, "USB1_A4", 342.36, 710.39, "T", "SMD", "VBUS", "", "R", 11.81, 59.06, 0, 270],
		[224, "USB1_A5", 342.36, 659.21, "T", "SMD", "CC1", "", "R", 11.81, 59.06, 0, 270],
		[225, "USB1_A6", 342.36, 619.84, "T", "SMD", "USB_D+", "", "R", 11.81, 59.06, 0, 270],
		[226, "USB1_A7", 342.36, 600.16, "T", "SMD", "USB_D-", "", "R", 11.81, 59.06, 0, 270],
		[227, "USB1_A8", 342.36, 560.8, "T", "SMD", "USB1_A8", "", "R", 11.81, 59.06, 0, 270],
		[228, "USB1_A9", 342.36, 509.6, "T", "SMD", "VBUS", "", "R", 11.81, 59.06, 0, 270],
		[229, "USB1_B1", 342.36, 489.92, "T", "SMD", "GND", "GND", "R", 11.81, 59.06, 0, 270],
		[230, "USB1_B12", 342.36, 730.08, "T", "SMD", "GND", "GND", "R", 11.81, 59.06, 0, 270],
		[231, "USB1_B4", 342.36, 521.42, "T", "SMD", "VBUS", "", "R", 11.81, 59.06, 0, 270],
		[232, "USB1_B5", 342.36, 541.1, "T", "SMD", "CC2", "", "R", 11.81, 59.06, 0, 270],
		[233, "USB1_B6", 342.36, 580.47, "T", "SMD", "USB_D+", "", "R", 11.81, 59.06, 0, 270],
		[234, "USB1_B7", 342.36, 639.53, "T", "SMD", "USB_D-", "", "R", 11.81, 59.06, 0, 270],
		[235, "USB1_B8", 342.36, 678.9, "T", "SMD", "USB1_B8", "", "R", 11.81, 59.06, 0, 270],
		[236, "USB1_B9", 342.36, 698.58, "T", "SMD", "VBUS", "", "R", 11.81, 59.06, 0, 270],
		[237, "X1_1", 495, 275.2, "T", "SMD", "$2N9991", "", "R", 41.34, 66.93, 0, 270],
		[238, "X1_2", 495, 174.8, "T", "SMD", "$2N9985", "", "R", 41.34, 66.93, 0, 270]
	]
}
}